-3,1.9969e-62,5.805e-40,3.4746e-07,5.7814e-94
-2.99,4.347e-62,1.0591e-39,3.7093e-07,2.2028e-93
-2.98,9.4423e-62,1.9283e-39,3.959e-07,8.3575e-93
-2.97,2.0465e-61,3.5033e-39,4.2246e-07,3.1574e-92
-2.96,4.4258e-61,6.3516e-39,4.507e-07,1.1878e-91
-2.95,9.5502e-61,1.1491e-38,4.8072e-07,4.4493e-91
-2.94,2.0563e-60,2.0747e-38,5.1262e-07,1.6596e-90
-2.93,4.4177e-60,3.7378e-38,5.4653e-07,6.1641e-90
-2.92,9.4701e-60,6.72e-38,5.8255e-07,2.2798e-89
-2.91,2.0256e-59,1.2056e-37,6.208e-07,8.3957e-89
-2.9,4.3233e-59,2.1584e-37,6.6142e-07,3.0788e-88
-2.89,9.2069e-59,3.8561e-37,7.0455e-07,1.1242e-87
-2.88,1.9564e-58,6.8747e-37,7.5032e-07,4.0878e-87
-2.87,4.148e-58,1.223e-36,7.9889e-07,1.48e-86
-2.86,8.7756e-58,2.1713e-36,8.5042e-07,5.3359e-86
-2.85,1.8525e-57,3.8467e-36,9.0507e-07,1.9156e-85
-2.84,3.902e-57,6.8004e-36,9.6302e-07,6.8476e-85
-2.83,8.2008e-57,1.1997e-35,1.0245e-06,2.4374e-84
-2.82,1.7198e-56,2.1121e-35,1.0896e-06,8.6393e-84
-2.81,3.5986e-56,3.7104e-35,1.1586e-06,3.0492e-83
-2.8,7.5136e-56,6.5046e-35,1.2317e-06,1.0716e-82
-2.79,1.5653e-55,1.1379e-34,1.3091e-06,3.7501e-82
-2.78,3.2539e-55,1.9865e-34,1.3911e-06,1.3068e-81
-2.77,6.7492e-55,3.4606e-34,1.4779e-06,4.5343e-81
-2.76,1.3968e-54,6.016e-34,1.5697e-06,1.5667e-80
-2.75,2.8846e-54,1.0436e-33,1.667e-06,5.3901e-80
-2.74,5.9438e-54,1.8067e-33,1.7698e-06,1.8466e-79
-2.73,1.2221e-53,3.121e-33,1.8786e-06,6.2992e-79
-2.72,2.5071e-53,5.3801e-33,1.9936e-06,2.1398e-78
-2.71,5.132e-53,9.2552e-33,2.1152e-06,7.2376e-78
-2.7,1.0482e-52,1.5888e-32,2.2437e-06,2.4377e-77
-2.69,2.1363e-52,2.7216e-32,2.3795e-06,8.1755e-77
-2.68,4.3443e-52,4.6524e-32,2.5229e-06,2.7303e-76
-2.67,8.8151e-52,7.9364e-32,2.6745e-06,9.0792e-76
-2.66,1.7848e-51,1.351e-31,2.8345e-06,3.0064e-75
-2.65,3.6056e-51,2.2949e-31,3.0034e-06,9.9126e-75
-2.64,7.268e-51,3.8902e-31,3.1816e-06,3.2545e-74
-2.63,1.4618e-50,6.5805e-31,3.3698e-06,1.064e-73
-2.62,2.9338e-50,1.1108e-30,3.5682e-06,3.4638e-73
-2.61,5.875e-50,1.8711e-30,3.7775e-06,1.1228e-72
-2.6,1.1739e-49,3.1452e-30,3.9982e-06,3.6243e-72
-2.59,2.3405e-49,5.2759e-30,4.2309e-06,1.1649e-71
-2.58,4.6561e-49,8.8313e-30,4.4761e-06,3.7283e-71
-2.57,9.2423e-49,1.4752e-29,4.7345e-06,1.1882e-70
-2.56,1.8306e-48,2.4589e-29,5.0067e-06,3.7705e-70
-2.55,3.6177e-48,4.0901e-29,5.2934e-06,1.1915e-69
-2.54,7.134e-48,6.7891e-29,5.5953e-06,3.7489e-69
-2.53,1.4037e-47,1.1245e-28,5.9131e-06,1.1746e-68
-2.52,2.7559e-47,1.8588e-28,6.2476e-06,3.6646e-68
-2.51,5.3989e-47,3.066e-28,6.5996e-06,1.1385e-67
-2.5,1.0553e-46,5.0466e-28,6.9698e-06,3.5218e-67
-2.49,2.0583e-46,8.2893e-28,7.3592e-06,1.0848e-66
-2.48,4.0058e-46,1.3587e-27,7.7686e-06,3.3274e-66
-2.47,7.7786e-46,2.2223e-27,8.1991e-06,1.0163e-65
-2.46,1.5072e-45,3.6273e-27,8.6514e-06,3.0907e-65
-2.45,2.9139e-45,5.9082e-27,9.1267e-06,9.3598e-65
-2.44,5.6212e-45,9.603e-27,9.626e-06,2.8225e-64
-2.43,1.082e-44,1.5576e-26,1.015e-05,8.475e-64
-2.42,2.0782e-44,2.521e-26,1.0701e-05,2.534e-63
-2.41,3.9826e-44,4.0719e-26,1.1279e-05,7.5444e-63
-2.4,7.6157e-44,6.5629e-26,1.1886e-05,2.2366e-62
-2.39,1.4531e-43,1.0556e-25,1.2522e-05,6.6027e-62
-2.38,2.7664e-43,1.6942e-25,1.319e-05,1.9409e-61
-2.37,5.2553e-43,2.7135e-25,1.389e-05,5.6811e-61
-2.36,9.9614e-43,4.337e-25,1.4624e-05,1.6558e-60
-2.35,1.884e-42,6.9172e-25,1.5393e-05,4.8056e-60
-2.34,3.5555e-42,1.1009e-24,1.62e-05,1.3888e-59
-2.33,6.6951e-42,1.7485e-24,1.7045e-05,3.9965e-59
-2.32,1.2579e-41,2.7713e-24,1.793e-05,1.1452e-58
-2.31,2.3584e-41,4.383e-24,1.8857e-05,3.2676e-58
-2.3,4.4117e-41,6.9175e-24,1.9827e-05,9.2839e-58
-2.29,8.2347e-41,1.0895e-23,2.0843e-05,2.6265e-57
-2.28,1.5337e-40,1.7123e-23,2.1906e-05,7.3993e-57
-2.27,2.8501e-40,2.6854e-23,2.3018e-05,2.0756e-56
-2.26,5.285e-40,4.2028e-23,2.4182e-05,5.7978e-56
-2.25,9.7784e-40,6.5638e-23,2.5398e-05,1.6126e-55
-2.24,1.8053e-39,1.023e-22,2.667e-05,4.4663e-55
-2.23,3.3255e-39,1.5909e-22,2.8e-05,1.2318e-54
-2.22,6.1124e-39,2.4691e-22,2.9389e-05,3.3826e-54
-2.21,1.121e-38,3.8238e-22,3.084e-05,9.2497e-54
-2.2,2.0515e-38,5.9095e-22,3.2356e-05,2.5186e-53
-2.19,3.746e-38,9.1137e-22,3.3939e-05,6.8288e-53
-2.18,6.8252e-38,1.4026e-21,3.5591e-05,1.8437e-52
-2.17,1.2408e-37,2.154e-21,3.7316e-05,4.9564e-52
-2.16,2.2508e-37,3.301e-21,3.9116e-05,1.3268e-51
-2.15,4.074e-37,5.0482e-21,4.0994e-05,3.5368e-51
-2.14,7.3578e-37,7.704e-21,4.2952e-05,9.3877e-51
-2.13,1.3259e-36,1.1732e-20,4.4994e-05,2.4812e-50
-2.12,2.3842e-36,1.7829e-20,4.7122e-05,6.53e-50
-2.11,4.2776e-36,2.7038e-20,4.9341e-05,1.7113e-49
-2.1,7.658e-36,4.0918e-20,5.1652e-05,4.4656e-49
-2.09,1.368e-35,6.1791e-20,5.406e-05,1.1604e-48
-2.08,2.4382e-35,9.3118e-20,5.6568e-05,3.0024e-48
-2.07,4.3363e-35,1.4003e-19,5.9179e-05,7.7354e-48
-2.06,7.6951e-35,2.1014e-19,6.1897e-05,1.9845e-47
-2.05,1.3625e-34,3.1468e-19,6.4725e-05,5.0697e-47
-2.04,2.4073e-34,4.7025e-19,6.7668e-05,1.2896e-46
-2.03,4.2439e-34,7.0124e-19,7.0729e-05,3.2666e-46
-2.02,7.4652e-34,1.0435e-18,7.3913e-05,8.2391e-46
-2.01,1.3103e-33,1.5496e-18,7.7222e-05,2.0693e-45
-2,2.2947e-33,2.2963e-18,8.0662e-05,5.1749e-45
-1.99,4.01e-33,3.3956e-18,8.4237e-05,1.2887e-44
-1.98,6.992e-33,5.0106e-18,8.7951e-05,3.1956e-44
-1.97,1.2165e-32,7.3783e-18,9.1808e-05,7.8903e-44
-1.96,2.1118e-32,1.0842e-17,9.5814e-05,1.94e-43
-1.95,3.658e-32,1.5899e-17,9.9972e-05,4.7496e-43
-1.94,6.3225e-32,2.3264e-17,0.00010429,1.1579e-42
-1.93,1.0904e-31,3.3971e-17,0.00010877,2.8108e-42
-1.92,1.8763e-31,4.95e-17,0.00011341,6.7942e-42
-1.91,3.2217e-31,7.1978e-17,0.00011823,1.6353e-41
-1.9,5.5197e-31,1.0444e-16,0.00012322,3.9194e-41
-1.89,9.4359e-31,1.5123e-16,0.0001284,9.354e-41
-1.88,1.6095e-30,2.1853e-16,0.00013377,2.2229e-40
-1.87,2.7394e-30,3.151e-16,0.00013933,5.2602e-40
-1.86,4.6523e-30,4.534e-16,0.00014509,1.2395e-39
-1.85,7.8835e-30,6.5102e-16,0.00015105,2.9082e-39
-1.84,1.333e-29,9.3283e-16,0.00015723,6.7945e-39
-1.83,2.2489e-29,1.3338e-15,0.00016362,1.5807e-38
-1.82,3.7858e-29,1.9032e-15,0.00017023,3.6618e-38
-1.81,6.359e-29,2.7098e-15,0.00017707,8.4468e-38
-1.8,1.0658e-28,3.8503e-15,0.00018415,1.9402e-37
-1.79,1.7824e-28,5.4593e-15,0.00019147,4.4376e-37
-1.78,2.9742e-28,7.7245e-15,0.00019903,1.0106e-36
-1.77,4.9521e-28,1.0907e-14,0.00020685,2.292e-36
-1.76,8.2273e-28,1.5367e-14,0.00021492,5.1757e-36
-1.75,1.3638e-27,2.1607e-14,0.00022327,1.1638e-35
-1.74,2.2559e-27,3.0316e-14,0.00023188,2.6059e-35
-1.73,3.7233e-27,4.2446e-14,0.00024078,5.81e-35
-1.72,6.1315e-27,5.9305e-14,0.00024996,1.2899e-34
-1.71,1.0075e-26,8.2686e-14,0.00025943,2.8515e-34
-1.7,1.652e-26,1.1504e-13,0.00026921,6.277e-34
-1.69,2.7026e-26,1.5973e-13,0.00027929,1.3759e-33
-1.68,4.4118e-26,2.213e-13,0.00028968,3.0031e-33
-1.67,7.1861e-26,3.0597e-13,0.0003004,6.5269e-33
-1.66,1.1679e-25,4.2215e-13,0.00031144,1.4125e-32
-1.65,1.894e-25,5.8121e-13,0.00032282,3.044e-32
-1.64,3.0647e-25,7.9852e-13,0.00033454,6.5319e-32
-1.63,4.9483e-25,1.0948e-12,0.00034661,1.3957e-31
-1.62,7.9718e-25,1.4978e-12,0.00035904,2.9696e-31
-1.61,1.2815e-24,2.0449e-12,0.00037183,6.2915e-31
-1.6,2.0554e-24,2.786e-12,0.00038499,1.3273e-30
-1.59,3.2896e-24,3.7877e-12,0.00039853,2.7882e-30
-1.58,5.2533e-24,5.1388e-12,0.00041246,5.8323e-30
-1.57,8.3708e-24,6.9571e-12,0.00042677,1.2148e-29
-1.56,1.3309e-23,9.3991e-12,0.00044149,2.5196e-29
-1.55,2.1114e-23,1.2671e-11,0.00045661,5.2036e-29
-1.54,3.3423e-23,1.7047e-11,0.00047215,1.0701e-28
-1.53,5.2791e-23,2.2886e-11,0.00048811,2.1913e-28
-1.52,8.3199e-23,3.0661e-11,0.0005045,4.4683e-28
-1.51,1.3084e-22,4.099e-11,0.00052132,9.0725e-28
-1.5,2.053e-22,5.4684e-11,0.00053859,1.8343e-27
-1.49,3.2142e-22,7.2799e-11,0.00055631,3.6928e-27
-1.48,5.0214e-22,9.6713e-11,0.00057448,7.4029e-27
-1.47,7.8273e-22,1.2821e-10,0.00059311,1.4778e-26
-1.46,1.2174e-21,1.6961e-10,0.00061222,2.9373e-26
-1.45,1.8894e-21,2.2391e-10,0.0006318,5.8137e-26
-1.44,2.9259e-21,2.9497e-10,0.00065187,1.1458e-25
-1.43,4.521e-21,3.8777e-10,0.00067242,2.2487e-25
-1.42,6.9703e-21,5.087e-10,0.00069347,4.3942e-25
-1.41,1.0723e-20,6.6593e-10,0.00071502,8.5507e-25
-1.4,1.646e-20,8.6993e-10,0.00073708,1.6568e-24
-1.39,2.5211e-20,1.134e-09,0.00075965,3.1966e-24
-1.38,3.8529e-20,1.4752e-09,0.00078274,6.1414e-24
-1.37,5.8753e-20,1.915e-09,0.00080636,1.1749e-23
-1.36,8.9398e-20,2.4808e-09,0.0008305,2.2381e-23
-1.35,1.3573e-19,3.2069e-09,0.00085518,4.2453e-23
-1.34,2.0561e-19,4.1368e-09,0.0008804,8.0185e-23
-1.33,3.108e-19,5.3251e-09,0.00090616,1.5081e-22
-1.32,4.6877e-19,6.8405e-09,0.00093248,2.8244e-22
-1.31,7.0547e-19,8.7686e-09,0.00095934,5.2671e-22
-1.3,1.0594e-18,1.1217e-08,0.00098676,9.7806e-22
-1.29,1.5873e-18,1.4318e-08,0.0010147,1.8085e-21
-1.28,2.3731e-18,1.8239e-08,0.0010433,3.3298e-21
-1.27,3.5402e-18,2.3184e-08,0.0010724,6.1049e-21
-1.26,5.2696e-18,2.9408e-08,0.0011021,1.1145e-20
-1.25,7.8266e-18,3.7225e-08,0.0011323,2.0261e-20
-1.24,1.1599e-17,4.7021e-08,0.0011632,3.6675e-20
-1.23,1.7151e-17,5.927e-08,0.0011946,6.6106e-20
-1.22,2.5307e-17,7.4554e-08,0.0012266,1.1865e-19
-1.21,3.7257e-17,9.3581e-08,0.0012591,2.1205e-19
-1.2,5.4732e-17,1.1722e-07,0.0012923,3.7737e-19
-1.19,8.0225e-17,1.4652e-07,0.001326,6.6872e-19
-1.18,1.1733e-16,1.8276e-07,0.0013603,1.18e-18
-1.17,1.7123e-16,2.2748e-07,0.0013952,2.0733e-18
-1.16,2.4934e-16,2.8255e-07,0.0014307,3.6275e-18
-1.15,3.6228e-16,3.5022e-07,0.0014667,6.3197e-18
-1.14,5.2523e-16,4.3319e-07,0.0015033,1.0963e-17
-1.13,7.5979e-16,5.3468e-07,0.0015405,1.8938e-17
-1.12,1.0967e-15,6.5857e-07,0.0015783,3.2576e-17
-1.11,1.5795e-15,8.0946e-07,0.0016167,5.5795e-17
-1.1,2.2699e-15,9.9284e-07,0.0016556,9.516e-17
-1.09,3.2548e-15,1.2152e-06,0.0016951,1.6161e-16
-1.08,4.657e-15,1.4842e-06,0.0017351,2.7329e-16
-1.07,6.6485e-15,1.8091e-06,0.0017757,4.602e-16
-1.06,9.4709e-15,2.2003e-06,0.0018168,7.7164e-16
-1.05,1.3462e-14,2.6706e-06,0.0018585,1.2884e-15
-1.04,1.9092e-14,3.2345e-06,0.0019007,2.142e-15
-1.03,2.7018e-14,3.9094e-06,0.0019435,3.546e-15
-1.02,3.8151e-14,4.7151e-06,0.0019867,5.8455e-15
-1.01,5.3753e-14,5.6749e-06,0.0020305,9.5952e-15
-1,7.5568e-14,6.8158e-06,0.0020748,1.5684e-14
-0.99,1.06e-13,8.1689e-06,0.0021196,2.5526e-14
-0.98,1.4837e-13,9.77e-06,0.0021649,4.1369e-14
-0.97,2.0722e-13,1.166e-05,0.0022107,6.6761e-14
-0.96,2.8877e-13,1.3887e-05,0.002257,1.0728e-13
-0.95,4.0153e-13,1.6505e-05,0.0023037,1.7166e-13
-0.94,5.571e-13,1.9575e-05,0.0023508,2.7351e-13
-0.93,7.7125e-13,2.3167e-05,0.0023984,4.3395e-13
-0.92,1.0654e-12,2.7361e-05,0.0024464,6.8556e-13
-0.91,1.4684e-12,3.2246e-05,0.0024949,1.0785e-12
-0.9,2.0195e-12,3.7923e-05,0.0025437,1.6894e-12
-0.89,2.7713e-12,4.4507e-05,0.0025929,2.6351e-12
-0.88,3.7947e-12,5.2124e-05,0.0026425,4.0928e-12
-0.87,5.1846e-12,6.0916e-05,0.0026925,6.3299e-12
-0.86,7.0679e-12,7.1042e-05,0.0027427,9.7482e-12
-0.85,9.6143e-12,8.2677e-05,0.0027933,1.4949e-11
-0.84,1.3049e-11,9.6016e-05,0.0028443,2.2827e-11
-0.83,1.7673e-11,0.00011127,0.0028955,3.4708e-11
-0.82,2.3882e-11,0.00012868,0.002947,5.255e-11
-0.81,3.2202e-11,0.0001485,0.0029987,7.9225e-11
-0.8,4.3324e-11,0.00017102,0.0030507,1.1894e-10
-0.79,5.8161e-11,0.00019654,0.0031029,1.7779e-10
-0.78,7.7907e-11,0.00022539,0.0031552,2.6464e-10
-0.77,1.0413e-10,0.00025793,0.0032078,3.9225e-10
-0.76,1.3887e-10,0.00029455,0.0032605,5.7893e-10
-0.75,1.8479e-10,0.00033566,0.0033134,8.5082e-10
-0.74,2.4537e-10,0.00038171,0.0033664,1.2451e-09
-0.73,3.2508e-10,0.00043317,0.0034195,1.8143e-09
-0.72,4.2974e-10,0.00049053,0.0034726,2.6326e-09
-0.71,5.6686e-10,0.00055432,0.0035258,3.8037e-09
-0.7,7.4608e-10,0.00062509,0.003579,5.4725e-09
-0.69,9.7981e-10,0.00070342,0.0036323,7.84e-09
-0.68,1.2839e-09,0.0007899,0.0036855,1.1184e-08
-0.67,1.6788e-09,0.00088516,0.0037387,1.5887e-08
-0.66,2.1902e-09,0.00098981,0.0037918,2.2471e-08
-0.65,2.8512e-09,0.0011045,0.0038448,3.1649e-08
-0.64,3.7035e-09,0.0012299,0.0038977,4.4387e-08
-0.63,4.8e-09,0.0013667,0.0039504,6.1988e-08
-0.62,6.2075e-09,0.0015155,0.004003,8.6199e-08
-0.61,8.0102e-09,0.001677,0.0040554,1.1936e-07
-0.6,1.0314e-08,0.0018518,0.0041076,1.6457e-07
-0.59,1.325e-08,0.0020405,0.0041595,2.2595e-07
-0.58,1.6986e-08,0.0022437,0.0042112,3.0891e-07
-0.57,2.1726e-08,0.002462,0.0042625,4.2053e-07
-0.56,2.7729e-08,0.0026959,0.0043136,5.7005e-07
-0.55,3.5313e-08,0.0029458,0.0043643,7.6946e-07
-0.54,4.4873e-08,0.0032121,0.0044146,1.0342e-06
-0.53,5.6894e-08,0.0034951,0.0044645,1.3842e-06
-0.52,7.1979e-08,0.003795,0.004514,1.8447e-06
-0.51,9.0862e-08,0.0041121,0.004563,2.4479e-06
-0.5,1.1445e-07,0.0044463,0.0046116,3.2347e-06
-0.49,1.4384e-07,0.0047975,0.0046596,4.2562e-06
-0.48,1.8038e-07,0.0051656,0.0047071,5.5765e-06
-0.47,2.2571e-07,0.0055504,0.0047541,7.2754e-06
-0.46,2.8182e-07,0.0059512,0.0048004,9.4516e-06
-0.45,3.5109e-07,0.0063676,0.0048462,1.2227e-05
-0.44,4.3644e-07,0.0067989,0.0048913,1.5749e-05
-0.43,5.4134e-07,0.0072441,0.0049357,2.0201e-05
-0.42,6.6998e-07,0.0077022,0.0049794,2.58e-05
-0.41,8.2736e-07,0.0081722,0.0050225,3.2812e-05
-0.4,1.0195e-06,0.0086526,0.0050648,4.1553e-05
-0.39,1.2535e-06,0.0091421,0.0051063,5.2399e-05
-0.38,1.5377e-06,0.0096389,0.005147,6.5795e-05
-0.37,1.8824e-06,0.010141,0.0051869,8.2265e-05
-0.36,2.2992e-06,0.010648,0.005226,0.00010242
-0.35,2.8021e-06,0.011156,0.0052642,0.00012698
-0.34,3.4075e-06,0.011664,0.0053015,0.00015675
-0.33,4.1347e-06,0.012169,0.0053379,0.00019268
-0.32,5.006e-06,0.01267,0.0053734,0.00023585
-0.31,6.0476e-06,0.013163,0.0054079,0.00028746
-0.3,7.2899e-06,0.013648,0.0054414,0.00034887
-0.29,8.7682e-06,0.01412,0.005474,0.00042161
-0.28,1.0523e-05,0.014578,0.0055055,0.00050736
-0.27,1.2601e-05,0.015019,0.005536,0.00060795
-0.26,1.5057e-05,0.015441,0.0055655,0.0007254
-0.25,1.7952e-05,0.015841,0.0055938,0.00086186
-0.24,2.1356e-05,0.016218,0.0056211,0.0010196
-0.23,2.535e-05,0.016569,0.0056473,0.0012012
-0.22,3.0025e-05,0.016892,0.0056723,0.0014091
-0.21,3.5485e-05,0.017185,0.0056962,0.0016459
-0.2,4.1844e-05,0.017447,0.0057189,0.0019144
-0.19,4.9236e-05,0.017675,0.0057405,0.0022172
-0.18,5.7806e-05,0.017869,0.0057609,0.002557
-0.17,6.7718e-05,0.018027,0.00578,0.0029364
-0.16,7.9156e-05,0.018148,0.005798,0.0033578
-0.15,9.2323e-05,0.018232,0.0058148,0.0038234
-0.14,0.00010744,0.018277,0.0058303,0.004335
-0.13,0.00012477,0.018285,0.0058445,0.0048942
-0.12,0.00014456,0.018253,0.0058575,0.0055021
-0.11,0.00016714,0.018184,0.0058693,0.0061593
-0.1,0.00019281,0.018077,0.0058798,0.0068657
-0.09,0.00022194,0.017933,0.005889,0.0076207
-0.08,0.0002549,0.017752,0.0058969,0.0084228
-0.07,0.00029212,0.017537,0.0059035,0.0092697
-0.06,0.00033404,0.017288,0.0059089,0.010159
-0.05,0.00038114,0.017006,0.0059129,0.011085
-0.04,0.00043392,0.016695,0.0059156,0.012045
-0.03,0.00049293,0.016354,0.0059171,0.013033
-0.02,0.00055874,0.015987,0.0059172,0.014042
-0.01,0.00063194,0.015595,0.0059161,0.015065
0,0.00071316,0.015181,0.0059136,0.016093
0.01,0.00080305,0.014747,0.0059098,0.017119
0.02,0.00090229,0.014295,0.0059048,0.018133
0.03,0.0010116,0.013828,0.0058984,0.019125
0.04,0.0011316,0.013348,0.0058908,0.020087
0.05,0.0012631,0.012857,0.0058819,0.021007
0.06,0.0014068,0.012359,0.0058717,0.021875
0.07,0.0015633,0.011855,0.0058602,0.022684
0.08,0.0017335,0.011348,0.0058474,0.023422
0.09,0.001918,0.01084,0.0058334,0.024081
0.1,0.0021175,0.010333,0.0058182,0.024654
0.11,0.0023326,0.0098284,0.0058017,0.025134
0.12,0.0025639,0.0093292,0.005784,0.025514
0.13,0.0028119,0.0088367,0.0057651,0.02579
0.14,0.0030772,0.0083527,0.005745,0.025958
0.15,0.0033601,0.0078786,0.0057237,0.026017
0.16,0.0036609,0.0074159,0.0057012,0.025965
0.17,0.00398,0.0069656,0.0056775,0.025803
0.18,0.0043174,0.006529,0.0056527,0.025533
0.19,0.004673,0.0061069,0.0056268,0.025159
0.2,0.0050469,0.0057001,0.0055998,0.024685
0.21,0.0054387,0.0053092,0.0055717,0.024118
0.22,0.0058481,0.0049347,0.0055424,0.023463
0.23,0.0062745,0.0045771,0.0055122,0.022729
0.24,0.0067172,0.0042364,0.0054809,0.021925
0.25,0.0071753,0.0039129,0.0054485,0.02106
0.26,0.0076479,0.0036065,0.0054152,0.020142
0.27,0.0081337,0.0033171,0.0053809,0.019183
0.28,0.0086314,0.0030445,0.0053456,0.018192
0.29,0.0091394,0.0027885,0.0053094,0.01718
0.3,0.0096561,0.0025486,0.0052723,0.016154
0.31,0.01018,0.0023245,0.0052343,0.015126
0.32,0.010708,0.0021156,0.0051954,0.014102
0.33,0.011239,0.0019215,0.0051557,0.013092
0.34,0.01177,0.0017415,0.0051151,0.012103
0.35,0.0123,0.0015751,0.0050738,0.011141
0.36,0.012825,0.0014215,0.0050316,0.010213
0.37,0.013343,0.0012803,0.0049888,0.0093213
0.38,0.013852,0.0011507,0.0049452,0.0084718
0.39,0.014349,0.001032,0.0049009,0.007667
0.4,0.01483,0.00092359,0.0048559,0.0069092
0.41,0.015295,0.00082486,0.0048103,0.0061999
0.42,0.015739,0.00073513,0.0047641,0.0055397
0.43,0.01616,0.00065379,0.0047173,0.0049289
0.44,0.016557,0.00058023,0.0046699,0.0043668
0.45,0.016925,0.00051387,0.004622,0.0038524
0.46,0.017265,0.00045414,0.0045735,0.0033842
0.47,0.017572,0.00040051,0.0045246,0.0029602
0.48,0.017845,0.00035247,0.0044752,0.0025784
0.49,0.018083,0.00030954,0.0044254,0.0022363
0.5,0.018284,0.00027127,0.0043751,0.0019314
0.51,0.018447,0.00023724,0.0043245,0.0016609
0.52,0.01857,0.00020704,0.0042736,0.0014223
0.53,0.018653,0.0001803,0.0042223,0.0012128
0.54,0.018695,0.00015669,0.0041707,0.0010297
0.55,0.018696,0.00013588,0.0041188,0.0008706
0.56,0.018656,0.00011759,0.0040667,0.00073294
0.57,0.018575,0.00010155,0.0040143,0.00061443
0.58,0.018455,8.7509e-05,0.0039618,0.00051289
0.59,0.018294,7.5254e-05,0.003909,0.00042632
0.6,0.018095,6.4579e-05,0.0038562,0.00035286
0.61,0.017859,5.5302e-05,0.0038032,0.00029081
0.62,0.017588,4.7258e-05,0.0037501,0.00023866
0.63,0.017283,4.03e-05,0.0036969,0.00019503
0.64,0.016945,3.4294e-05,0.0036437,0.0001587
0.65,0.016578,2.9121e-05,0.0035905,0.00012859
0.66,0.016183,2.4677e-05,0.0035373,0.00010375
0.67,0.015763,2.0868e-05,0.0034841,8.3352e-05
0.68,0.01532,1.7609e-05,0.0034309,6.6681e-05
0.69,0.014857,1.4828e-05,0.0033778,5.3117e-05
0.7,0.014376,1.246e-05,0.0033248,4.2134e-05
0.71,0.01388,1.0448e-05,0.0032719,3.3279e-05
0.72,0.013372,8.743e-06,0.0032192,2.6174e-05
0.73,0.012854,7.3006e-06,0.0031666,2.0498e-05
0.74,0.012329,6.0834e-06,0.0031141,1.5985e-05
0.75,0.0118,5.0585e-06,0.0030619,1.2413e-05
0.76,0.011269,4.1975e-06,0.0030099,9.5982e-06
0.77,0.010737,3.4757e-06,0.0029581,7.3901e-06
0.78,0.010209,2.8719e-06,0.0029065,5.6659e-06
0.79,0.0096851,2.3681e-06,0.0028553,4.3255e-06
0.8,0.009168,1.9485e-06,0.0028043,3.2882e-06
0.81,0.0086594,1.6e-06,0.0027536,2.489e-06
0.82,0.0081611,1.311e-06,0.0027033,1.8761e-06
0.83,0.0076746,1.0719e-06,0.0026532,1.4081e-06
0.84,0.0072013,8.7466e-07,0.0026036,1.0524e-06
0.85,0.0067423,7.1218e-07,0.0025543,7.8317e-07
0.86,0.0062987,5.7866e-07,0.0025054,5.8036e-07
0.87,0.0058714,4.6919e-07,0.0024568,4.2824e-07
0.88,0.0054611,3.7963e-07,0.0024087,3.1465e-07
0.89,0.0050682,3.0652e-07,0.002361,2.3021e-07
0.9,0.0046934,2.4697e-07,0.0023138,1.6772e-07
0.91,0.0043367,1.9858e-07,0.002267,1.2167e-07
0.92,0.0039983,1.5933e-07,0.0022206,8.789e-08
0.93,0.0036782,1.2757e-07,0.0021748,6.3219e-08
0.94,0.0033764,1.0192e-07,0.0021294,4.5281e-08
0.95,0.0030925,8.1265e-08,0.0020844,3.2295e-08
0.96,0.0028262,6.4657e-08,0.00204,2.2935e-08
0.97,0.0025772,5.1335e-08,0.0019961,1.6219e-08
0.98,0.002345,4.0673e-08,0.0019527,1.1421e-08
0.99,0.002129,3.2157e-08,0.0019099,8.0079e-09
1,0.0019287,2.5371e-08,0.0018675,5.5912e-09
1.01,0.0017434,1.9975e-08,0.0018257,3.8872e-09
1.02,0.0015724,1.5694e-08,0.0017845,2.691e-09
1.03,0.0014151,1.2304e-08,0.0017438,1.8551e-09
1.04,0.0012708,9.6266e-09,0.0017036,1.2734e-09
1.05,0.0011386,7.5158e-09,0.001664,8.7036e-10
1.06,0.001018,5.8555e-09,0.001625,5.9237e-10
1.07,0.00090811,4.5524e-09,0.0015865,4.0146e-10
1.08,0.00080833,3.5318e-09,0.0015486,2.7093e-10
1.09,0.00071793,2.7343e-09,0.0015113,1.8206e-10
1.1,0.00063625,2.1125e-09,0.0014746,1.2182e-10
1.11,0.00056262,1.6286e-09,0.0014384,8.1167e-11
1.12,0.00049641,1.2529e-09,0.0014028,5.3851e-11
1.13,0.00043704,9.619e-10,0.0013678,3.5577e-11
1.14,0.00038393,7.3692e-10,0.0013333,2.3404e-11
1.15,0.00033652,5.6337e-10,0.0012995,1.5331e-11
1.16,0.00029433,4.2979e-10,0.0012662,9.9998e-12
1.17,0.00025686,3.272e-10,0.0012335,6.4949e-12
1.18,0.00022367,2.4857e-10,0.0012014,4.2005e-12
1.19,0.00019434,1.8844e-10,0.0011699,2.7052e-12
1.2,0.00016848,1.4256e-10,0.0011389,1.7347e-12
1.21,0.00014575,1.0762e-10,0.0011086,1.1077e-12
1.22,0.0001258,8.1073e-11,0.0010788,7.0432e-13
1.23,0.00010835,6.0947e-11,0.0010495,4.4593e-13
1.24,9.3112e-05,4.5721e-11,0.0010208,2.8114e-13
1.25,7.9842e-05,3.4227e-11,0.00099274,1.7649e-13
1.26,6.8313e-05,2.5569e-11,0.0009652,1.1033e-13
1.27,5.8321e-05,1.9061e-11,0.00093821,6.8674e-14
1.28,4.9681e-05,1.4179e-11,0.00091178,4.2565e-14
1.29,4.2228e-05,1.0526e-11,0.0008859,2.6271e-14
1.3,3.5814e-05,7.7972e-12,0.00086056,1.6145e-14
1.31,3.0308e-05,5.7639e-12,0.00083577,9.8802e-15
1.32,2.5592e-05,4.2519e-12,0.00081151,6.0206e-15
1.33,2.1562e-05,3.1299e-12,0.00078778,3.6532e-15
1.34,1.8127e-05,2.2992e-12,0.00076458,2.2072e-15
1.35,1.5206e-05,1.6854e-12,0.00074189,1.328e-15
1.36,1.2728e-05,1.2329e-12,0.00071973,7.9556e-16
1.37,1.063e-05,8.9994e-13,0.00069807,4.7458e-16
1.38,8.8582e-06,6.5554e-13,0.00067691,2.8191e-16
1.39,7.3657e-06,4.7652e-13,0.00065625,1.6674e-16
1.4,6.1112e-06,3.4566e-13,0.00063608,9.8209e-17
1.41,5.0592e-06,2.502e-13,0.0006164,5.7597e-17
1.42,4.1792e-06,1.8073e-13,0.00059719,3.3636e-17
1.43,3.4446e-06,1.3028e-13,0.00057845,1.956e-17
1.44,2.8329e-06,9.3708e-14,0.00056018,1.1326e-17
1.45,2.3248e-06,6.7263e-14,0.00054237,6.5304e-18
1.46,1.9036e-06,4.818e-14,0.000525,3.7494e-18
1.47,1.5552e-06,3.4438e-14,0.00050809,2.1435e-18
1.48,1.2679e-06,2.4565e-14,0.0004916,1.2203e-18
1.49,1.0313e-06,1.7485e-14,0.00047555,6.9171e-19
1.5,8.3709e-07,1.2419e-14,0.00045992,3.9044e-19
1.51,6.7794e-07,8.8029e-15,0.00044471,2.1945e-19
1.52,5.4784e-07,6.2265e-15,0.00042991,1.2282e-19
1.53,4.4173e-07,4.3948e-15,0.0004155,6.8448e-20
1.54,3.5539e-07,3.0955e-15,0.0004015,3.7984e-20
1.55,2.8531e-07,2.1758e-15,0.00038787,2.0989e-20
1.56,2.2854e-07,1.5261e-15,0.00037463,1.1549e-20
1.57,1.8266e-07,1.0681e-15,0.00036176,6.3276e-21
1.58,1.4567e-07,7.4605e-16,0.00034926,3.4522e-21
1.59,1.1592e-07,5.1999e-16,0.00033711,1.8754e-21
1.6,9.2043e-08,3.6167e-16,0.00032532,1.0145e-21
1.61,7.2923e-08,2.5102e-16,0.00031386,5.4647e-22
1.62,5.7648e-08,1.7386e-16,0.00030275,2.9311e-22
1.63,4.5472e-08,1.2017e-16,0.00029196,1.5655e-22
1.64,3.579e-08,8.2879e-17,0.0002815,8.3256e-23
1.65,2.8107e-08,5.7042e-17,0.00027135,4.409e-23
1.66,2.2025e-08,3.9177e-17,0.00026151,2.325e-23
1.67,1.7221e-08,2.6851e-17,0.00025197,1.2208e-23
1.68,1.3436e-08,1.8364e-17,0.00024273,6.3831e-24
1.69,1.0459e-08,1.2534e-17,0.00023377,3.3233e-24
1.7,8.1242e-09,8.5363e-18,0.0002251,1.7229e-24
1.71,6.2967e-09,5.8016e-18,0.0002167,8.8939e-25
1.72,4.8695e-09,3.9347e-18,0.00020856,4.5718e-25
1.73,3.7576e-09,2.663e-18,0.00020069,2.3401e-25
1.74,2.8932e-09,1.7985e-18,0.00019307,1.1927e-25
1.75,2.2227e-09,1.2121e-18,0.0001857,6.0532e-26
1.76,1.7039e-09,8.1517e-19,0.00017858,3.0591e-26
1.77,1.3033e-09,5.4708e-19,0.00017169,1.5394e-26
1.78,9.9473e-10,3.6639e-19,0.00016502,7.7137e-27
1.79,7.5753e-10,2.4486e-19,0.00015858,3.8488e-27
1.8,5.7563e-10,1.633e-19,0.00015236,1.9123e-27
1.81,4.3645e-10,1.0868e-19,0.00014636,9.4605e-28
1.82,3.3019e-10,7.2174e-20,0.00014055,4.6606e-28
1.83,2.4925e-10,4.7831e-20,0.00013495,2.2862e-28
1.84,1.8774e-10,3.1632e-20,0.00012954,1.1167e-28
1.85,1.411e-10,2.0875e-20,0.00012432,5.4316e-29
1.86,1.0582e-10,1.3747e-20,0.00011929,2.6307e-29
1.87,7.918e-11,9.0343e-21,0.00011443,1.2687e-29
1.88,5.9119e-11,5.9246e-21,0.00010975,6.0925e-30
1.89,4.4043e-11,3.8772e-21,0.00010524,2.9133e-30
1.9,3.274e-11,2.5319e-21,0.00010089,1.3872e-30
1.91,2.4284e-11,1.65e-21,9.6696e-05,6.5771e-31
1.92,1.7973e-11,1.073e-21,9.2658e-05,3.1052e-31
1.93,1.3272e-11,6.9631e-22,8.8769e-05,1.4598e-31
1.94,9.7798e-12,4.5091e-22,8.5025e-05,6.8337e-32
1.95,7.1905e-12,2.9139e-22,8.1421e-05,3.1854e-32
1.96,5.2751e-12,1.879e-22,7.7952e-05,1.4785e-32
1.97,3.8615e-12,1.2092e-22,7.4615e-05,6.8336e-33
1.98,2.8204e-12,7.7648e-23,7.1404e-05,3.145e-33
1.99,2.0556e-12,4.9758e-23,6.8317e-05,1.4413e-33
2,1.4948e-12,3.1818e-23,6.5349e-05,6.5769e-34
2.01,1.0846e-12,2.0304e-23,6.2496e-05,2.9885e-34
2.02,7.853e-13,1.2929e-23,5.9755e-05,1.3522e-34
2.03,5.6732e-13,8.2158e-24,5.7121e-05,6.0922e-35
2.04,4.0895e-13,5.2097e-24,5.4592e-05,2.7331e-35
2.05,2.9414e-13,3.2966e-24,5.2163e-05,1.221e-35
2.06,2.111e-13,2.0817e-24,4.9831e-05,5.4312e-36
2.07,1.5117e-13,1.3117e-24,4.7592e-05,2.4057e-36
2.08,1.0801e-13,8.2481e-25,4.5445e-05,1.0611e-36
2.09,7.7011e-14,5.1756e-25,4.3384e-05,4.6601e-37
2.1,5.4785e-14,3.2408e-25,4.1408e-05,2.038e-37
2.11,3.8889e-14,2.025e-25,3.9514e-05,8.8749e-38
2.12,2.7544e-14,1.2627e-25,3.7697e-05,3.8484e-38
2.13,1.9466e-14,7.8568e-26,3.5957e-05,1.6617e-38
2.14,1.3727e-14,4.8785e-26,3.4289e-05,7.1443e-39
2.15,9.6587e-15,3.0229e-26,3.2691e-05,3.0587e-39
2.16,6.7812e-15,1.8691e-26,3.1161e-05,1.3039e-39
2.17,4.7505e-15,1.1533e-26,2.9696e-05,5.5352e-40
2.18,3.3206e-15,7.1012e-27,2.8294e-05,2.3397e-40
2.19,2.316e-15,4.3632e-27,2.6951e-05,9.848e-41
2.2,1.6118e-15,2.6753e-27,2.5667e-05,4.1275e-41
2.21,1.1193e-15,1.6369e-27,2.4439e-05,1.7226e-41
2.22,7.7552e-16,9.9947e-28,2.3264e-05,7.1584e-42
2.23,5.3617e-16,6.0897e-28,2.2141e-05,2.9622e-42
2.24,3.6988e-16,3.7027e-28,2.1068e-05,1.2206e-42
2.25,2.546e-16,2.2466e-28,2.0042e-05,5.008e-43
2.26,1.7486e-16,1.3602e-28,1.9062e-05,2.0461e-43
2.27,1.1984e-16,8.2185e-29,1.8126e-05,8.3238e-44
2.28,8.1946e-17,4.9552e-29,1.7232e-05,3.372e-44
2.29,5.5913e-17,2.9813e-29,1.6379e-05,1.3602e-44
2.3,3.8066e-17,1.79e-29,1.5564e-05,5.4634e-45
2.31,2.5859e-17,1.0725e-29,1.4787e-05,2.1852e-45
2.32,1.7528e-17,6.4121e-30,1.4045e-05,8.7027e-46
2.33,1.1855e-17,3.8256e-30,1.3338e-05,3.4513e-46
2.34,8.0004e-18,2.2777e-30,1.2663e-05,1.3629e-46
2.35,5.3873e-18,1.3532e-30,1.202e-05,5.359e-47
2.36,3.6197e-18,8.0231e-31,1.1407e-05,2.0983e-47
2.37,2.4267e-18,4.7468e-31,1.0823e-05,8.181e-48
2.38,1.6234e-18,2.8025e-31,1.0267e-05,3.1761e-48
2.39,1.0836e-18,1.6511e-31,9.7368e-06,1.2278e-48
2.4,7.2167e-19,9.707e-32,9.2322e-06,4.7265e-49
2.41,4.7959e-19,5.6949e-32,8.7518e-06,1.8117e-49
2.42,3.1801e-19,3.3341e-32,8.2946e-06,6.9149e-50
2.43,2.1041e-19,1.9479e-32,7.8595e-06,2.6281e-50
2.44,1.3891e-19,1.1356e-32,7.4456e-06,9.946e-51
2.45,9.1506e-20,6.6067e-33,7.052e-06,3.7481e-51
2.46,6.0146e-20,3.8355e-33,6.6777e-06,1.4064e-51
2.47,3.9447e-20,2.2221e-33,6.3219e-06,5.2552e-52
2.48,2.5815e-20,1.2846e-33,5.9837e-06,1.9553e-52
2.49,1.6856e-20,7.411e-34,5.6624e-06,7.244e-53
2.5,1.0983e-20,4.2665e-34,5.3571e-06,2.6724e-53
2.51,7.1399e-21,2.451e-34,5.0672e-06,9.8171e-54
2.52,4.6316e-21,1.4051e-34,4.792e-06,3.591e-54
2.53,2.9978e-21,8.0384e-35,4.5306e-06,1.308e-54
2.54,1.9361e-21,4.589e-35,4.2826e-06,4.7439e-55
2.55,1.2477e-21,2.6142e-35,4.0473e-06,1.7133e-55
2.56,8.0227e-22,1.4861e-35,3.8241e-06,6.1613e-56
2.57,5.1474e-22,8.4308e-36,3.6123e-06,2.2063e-56
2.58,3.2953e-22,4.7726e-36,3.4116e-06,7.8671e-57
2.59,2.105e-22,2.6961e-36,3.2213e-06,2.7933e-57
2.6,1.3417e-22,1.5199e-36,3.0409e-06,9.8758e-58
2.61,8.5328e-23,8.5499e-37,2.8701e-06,3.4768e-58
2.62,5.4148e-23,4.7996e-37,2.7082e-06,1.2188e-58
2.63,3.4286e-23,2.6887e-37,2.5549e-06,4.2546e-59
2.64,2.1662e-23,1.503e-37,2.4097e-06,1.4788e-59
2.65,1.3656e-23,8.3841e-38,2.2723e-06,5.1185e-60
2.66,8.5903e-24,4.6671e-38,2.1422e-06,1.7641e-60
2.67,5.3917e-24,2.5926e-38,2.0192e-06,6.054e-61
2.68,3.3767e-24,1.4371e-38,1.9028e-06,2.0688e-61
2.69,2.1101e-24,7.9498e-39,1.7927e-06,7.0397e-62
2.7,1.3157e-24,4.3883e-39,1.6886e-06,2.3853e-62
2.71,8.1859e-25,2.4173e-39,1.5902e-06,8.0477e-63
2.72,5.0817e-25,1.3288e-39,1.4972e-06,2.7037e-63
2.73,3.1478e-25,7.2887e-40,1.4094e-06,9.045e-64
2.74,1.9456e-25,3.9897e-40,1.3264e-06,3.013e-64
2.75,1.1999e-25,2.1793e-40,1.248e-06,9.9943e-65
2.76,7.3835e-26,1.1879e-40,1.174e-06,3.3011e-65
2.77,4.5336e-26,6.4617e-41,1.1041e-06,1.0857e-65
2.78,2.7776e-26,3.5074e-41,1.0382e-06,3.5557e-66
2.79,1.698e-26,1.8999e-41,9.7595e-07,1.1595e-66
2.8,1.0357e-26,1.0269e-41,9.1726e-07,3.7653e-67
2.81,6.3039e-27,5.5392e-42,8.6192e-07,1.2175e-67
2.82,3.8284e-27,2.9815e-42,8.0973e-07,3.92e-68
2.83,2.3199e-27,1.6015e-42,7.6054e-07,1.2568e-68
2.84,1.4027e-27,8.584e-43,7.1418e-07,4.0122e-69
2.85,8.4626e-28,4.5914e-43,6.7049e-07,1.2754e-69
2.86,5.0944e-28,2.4507e-43,6.2934e-07,4.0373e-70
2.87,3.0601e-28,1.3053e-43,5.9059e-07,1.2726e-70
2.88,1.834e-28,6.938e-44,5.541e-07,3.9941e-71
2.89,1.0968e-28,3.68e-44,5.1975e-07,1.2483e-71
2.9,6.5449e-29,1.9478e-44,4.8742e-07,3.8847e-72
2.91,3.8969e-29,1.0288e-44,4.5701e-07,1.2038e-72
2.92,2.3152e-29,5.4223e-45,4.2839e-07,3.7145e-73
2.93,1.3724e-29,2.8519e-45,4.0148e-07,1.1413e-73
2.94,8.118e-30,1.4969e-45,3.7618e-07,3.4919e-74
2.95,4.7913e-30,7.84e-46,3.5239e-07,1.0638e-74
2.96,2.8216e-30,4.0976e-46,3.3004e-07,3.2272e-75
2.97,1.658e-30,2.1372e-46,3.0904e-07,9.7486e-76
2.98,9.7213e-31,1.1123e-46,2.8931e-07,2.9323e-76
2.99,5.6873e-31,5.7772e-47,2.7077e-07,8.7828e-77
3,3.32e-31,2.9942e-47,2.5337e-07,2.6194e-77
