-5,0.00011634,4.9114e-15,2.7504e-20,1.9484e-42
-4.99,0.00011886,5.6319e-15,3.1766e-20,2.8069e-42
-4.98,0.00012143,6.456e-15,3.668e-20,4.0408e-42
-4.97,0.00012404,7.3981e-15,4.2342e-20,5.8129e-42
-4.96,0.00012671,8.4749e-15,4.8866e-20,8.3559e-42
-4.95,0.00012942,9.7052e-15,5.6381e-20,1.2003e-41
-4.94,0.00013217,1.111e-14,6.5034e-20,1.7229e-41
-4.93,0.00013498,1.2715e-14,7.4996e-20,2.4712e-41
-4.92,0.00013784,1.4546e-14,8.6461e-20,3.542e-41
-4.91,0.00014075,1.6635e-14,9.9653e-20,5.073e-41
-4.9,0.00014371,1.9018e-14,1.1483e-19,7.2605e-41
-4.89,0.00014672,2.1735e-14,1.3228e-19,1.0384e-40
-4.88,0.00014979,2.4832e-14,1.5234e-19,1.484e-40
-4.87,0.00015291,2.8361e-14,1.754e-19,2.1192e-40
-4.86,0.00015608,3.2381e-14,2.019e-19,3.0242e-40
-4.85,0.00015931,3.6957e-14,2.3235e-19,4.3125e-40
-4.84,0.00016259,4.2167e-14,2.6731e-19,6.1451e-40
-4.83,0.00016593,4.8094e-14,3.0746e-19,8.7502e-40
-4.82,0.00016933,5.4836e-14,3.5354e-19,1.245e-39
-4.81,0.00017278,6.2503e-14,4.0642e-19,1.7703e-39
-4.8,0.0001763,7.1218e-14,4.671e-19,2.5152e-39
-4.79,0.00017987,8.112e-14,5.3669e-19,3.571e-39
-4.78,0.0001835,9.2369e-14,6.1649e-19,5.0663e-39
-4.77,0.00018719,1.0514e-13,7.0797e-19,7.1824e-39
-4.76,0.00019095,1.1964e-13,8.1281e-19,1.0175e-38
-4.75,0.00019476,1.3609e-13,9.3294e-19,1.4404e-38
-4.74,0.00019864,1.5476e-13,1.0705e-18,2.0376e-38
-4.73,0.00020258,1.7592e-13,1.2281e-18,2.8803e-38
-4.72,0.00020659,1.9991e-13,1.4085e-18,4.0685e-38
-4.71,0.00021066,2.271e-13,1.615e-18,5.7427e-38
-4.7,0.00021479,2.579e-13,1.8513e-18,8.0999e-38
-4.69,0.00021899,2.9278e-13,2.1216e-18,1.1416e-37
-4.68,0.00022326,3.3226e-13,2.4307e-18,1.6079e-37
-4.67,0.0002276,3.7694e-13,2.7842e-18,2.2629e-37
-4.66,0.000232,4.2748e-13,3.1882e-18,3.1825e-37
-4.65,0.00023648,4.8464e-13,3.6499e-18,4.4725e-37
-4.64,0.00024102,5.4926e-13,4.1773e-18,6.2808e-37
-4.63,0.00024563,6.2229e-13,4.7798e-18,8.8138e-37
-4.62,0.00025032,7.0479e-13,5.4677e-18,1.2359e-36
-4.61,0.00025507,7.9796e-13,6.2529e-18,1.7318e-36
-4.6,0.0002599,9.0314e-13,7.1491e-18,2.4249e-36
-4.59,0.0002648,1.0218e-12,8.1717e-18,3.393e-36
-4.58,0.00026978,1.1558e-12,9.338e-18,4.744e-36
-4.57,0.00027483,1.3068e-12,1.0668e-17,6.6281e-36
-4.56,0.00027996,1.4771e-12,1.2184e-17,9.2537e-36
-4.55,0.00028516,1.669e-12,1.3913e-17,1.291e-35
-4.54,0.00029044,1.8852e-12,1.5882e-17,1.7998e-35
-4.53,0.00029579,2.1287e-12,1.8125e-17,2.5072e-35
-4.52,0.00030122,2.4028e-12,2.068e-17,3.4903e-35
-4.51,0.00030674,2.7114e-12,2.3588e-17,4.8551e-35
-4.5,0.00031233,3.0585e-12,2.6899e-17,6.7488e-35
-4.49,0.000318,3.4489e-12,3.0667e-17,9.3743e-35
-4.48,0.00032375,3.8879e-12,3.4953e-17,1.3012e-34
-4.47,0.00032959,4.3812e-12,3.9828e-17,1.8047e-34
-4.46,0.0003355,4.9355e-12,4.537e-17,2.5013e-34
-4.45,0.0003415,5.5581e-12,5.1671e-17,3.4642e-34
-4.44,0.00034759,6.2571e-12,5.8832e-17,4.7944e-34
-4.43,0.00035375,7.0417e-12,6.6967e-17,6.6304e-34
-4.42,0.00036,7.9219e-12,7.6208e-17,9.1629e-34
-4.41,0.00036634,8.9093e-12,8.6701e-17,1.2653e-33
-4.4,0.00037276,1.0016e-11,9.8613e-17,1.7461e-33
-4.39,0.00037927,1.1257e-11,1.1213e-16,2.4077e-33
-4.38,0.00038587,1.2647e-11,1.2747e-16,3.3176e-33
-4.37,0.00039255,1.4205e-11,1.4487e-16,4.5681e-33
-4.36,0.00039932,1.5948e-11,1.6461e-16,6.2853e-33
-4.35,0.00040618,1.79e-11,1.8698e-16,8.6417e-33
-4.34,0.00041313,2.0083e-11,2.1234e-16,1.1873e-32
-4.33,0.00042017,2.2526e-11,2.4107e-16,1.63e-32
-4.32,0.0004273,2.5257e-11,2.7363e-16,2.2362e-32
-4.31,0.00043452,2.831e-11,3.1049e-16,3.0656e-32
-4.3,0.00044184,3.1721e-11,3.5224e-16,4.1996e-32
-4.29,0.00044924,3.5532e-11,3.9949e-16,5.7489e-32
-4.28,0.00045674,3.9786e-11,4.5296e-16,7.8639e-32
-4.27,0.00046433,4.4535e-11,5.1346e-16,1.0749e-31
-4.26,0.00047202,4.9835e-11,5.8188e-16,1.4682e-31
-4.25,0.0004798,5.5746e-11,6.5926e-16,2.004e-31
-4.24,0.00048767,6.2338e-11,7.4672e-16,2.7333e-31
-4.23,0.00049564,6.9685e-11,8.4557e-16,3.7252e-31
-4.22,0.00050371,7.7873e-11,9.5726e-16,5.0735e-31
-4.21,0.00051187,8.6993e-11,1.0834e-15,6.9047e-31
-4.2,0.00052013,9.7149e-11,1.2259e-15,9.39e-31
-4.19,0.00052848,1.0845e-10,1.3867e-15,1.276e-30
-4.18,0.00053693,1.2104e-10,1.5682e-15,1.7328e-30
-4.17,0.00054548,1.3503e-10,1.7731e-15,2.3514e-30
-4.16,0.00055413,1.5059e-10,2.0042e-15,3.1884e-30
-4.15,0.00056288,1.6789e-10,2.2647e-15,4.3202e-30
-4.14,0.00057172,1.8711e-10,2.5586e-15,5.8496e-30
-4.13,0.00058066,2.0847e-10,2.8897e-15,7.9145e-30
-4.12,0.00058971,2.3218e-10,3.2629e-15,1.0701e-29
-4.11,0.00059885,2.5851e-10,3.6834e-15,1.4457e-29
-4.1,0.00060809,2.8772e-10,4.1569e-15,1.9518e-29
-4.09,0.00061744,3.2013e-10,4.6901e-15,2.6331e-29
-4.08,0.00062688,3.5607e-10,5.2902e-15,3.5496e-29
-4.07,0.00063642,3.9591e-10,5.9657e-15,4.7816e-29
-4.06,0.00064607,4.4006e-10,6.7256e-15,6.4366e-29
-4.05,0.00065581,4.8897e-10,7.5804e-15,8.6581e-29
-4.04,0.00066566,5.4314e-10,8.5416e-15,1.1638e-28
-4.03,0.00067561,6.031e-10,9.6221e-15,1.5632e-28
-4.02,0.00068566,6.6946e-10,1.0837e-14,2.0981e-28
-4.01,0.00069581,7.4287e-10,1.2201e-14,2.8139e-28
-4,0.00070606,8.2405e-10,1.3734e-14,3.7714e-28
-3.99,0.00071642,9.1381e-10,1.5455e-14,5.0508e-28
-3.98,0.00072688,1.013e-09,1.7388e-14,6.7594e-28
-3.97,0.00073744,1.1226e-09,1.9557e-14,9.0394e-28
-3.96,0.0007481,1.2436e-09,2.1991e-14,1.208e-27
-3.95,0.00075886,1.3772e-09,2.4721e-14,1.6131e-27
-3.94,0.00076973,1.5246e-09,2.7784e-14,2.1524e-27
-3.93,0.00078069,1.6873e-09,3.1217e-14,2.8701e-27
-3.92,0.00079176,1.8666e-09,3.5066e-14,3.8242e-27
-3.91,0.00080293,2.0644e-09,3.9379e-14,5.0917e-27
-3.9,0.00081421,2.2824e-09,4.4211e-14,6.7745e-27
-3.89,0.00082558,2.5225e-09,4.9623e-14,9.0068e-27
-3.88,0.00083705,2.7869e-09,5.5683e-14,1.1966e-26
-3.87,0.00084863,3.078e-09,6.2467e-14,1.5886e-26
-3.86,0.00086031,3.3984e-09,7.0059e-14,2.1074e-26
-3.85,0.00087209,3.7509e-09,7.8553e-14,2.7937e-26
-3.84,0.00088396,4.1386e-09,8.8055e-14,3.7008e-26
-3.83,0.00089594,4.5648e-09,9.868e-14,4.8988e-26
-3.82,0.00090802,5.0332e-09,1.1056e-13,6.4798e-26
-3.81,0.0009202,5.5478e-09,1.2383e-13,8.5649e-26
-3.8,0.00093248,6.113e-09,1.3867e-13,1.1313e-25
-3.79,0.00094485,6.7335e-09,1.5524e-13,1.4931e-25
-3.78,0.00095733,7.4145e-09,1.7374e-13,1.9692e-25
-3.77,0.0009699,8.1617e-09,1.944e-13,2.5953e-25
-3.76,0.00098257,8.9811e-09,2.1747e-13,3.418e-25
-3.75,0.00099534,9.8795e-09,2.432e-13,4.4981e-25
-3.74,0.0010082,1.0864e-08,2.7191e-13,5.9152e-25
-3.73,0.0010212,1.1943e-08,3.0393e-13,7.773e-25
-3.72,0.0010342,1.3124e-08,3.3963e-13,1.0207e-24
-3.71,0.0010474,1.4418e-08,3.7942e-13,1.3393e-24
-3.7,0.0010606,1.5833e-08,4.2377e-13,1.7562e-24
-3.69,0.0010739,1.7382e-08,4.7317e-13,2.301e-24
-3.68,0.0010874,1.9076e-08,5.2821e-13,3.0127e-24
-3.67,0.0011009,2.0928e-08,5.8948e-13,3.9417e-24
-3.66,0.0011145,2.2952e-08,6.577e-13,5.1533e-24
-3.65,0.0011282,2.5164e-08,7.3362e-13,6.7325e-24
-3.64,0.001142,2.7579e-08,8.1809e-13,8.7892e-24
-3.63,0.0011559,3.0216e-08,9.1204e-13,1.1466e-23
-3.62,0.0011699,3.3094e-08,1.0165e-12,1.4947e-23
-3.61,0.0011839,3.6234e-08,1.1327e-12,1.947e-23
-3.6,0.0011981,3.9659e-08,1.2618e-12,2.5344e-23
-3.59,0.0012123,4.3392e-08,1.4052e-12,3.2965e-23
-3.58,0.0012266,4.7462e-08,1.5646e-12,4.2847e-23
-3.57,0.001241,5.1895e-08,1.7416e-12,5.5652e-23
-3.56,0.0012555,5.6724e-08,1.9381e-12,7.223e-23
-3.55,0.0012701,6.1981e-08,2.1562e-12,9.3678e-23
-3.54,0.0012847,6.7703e-08,2.3982e-12,1.2141e-22
-3.53,0.0012995,7.3929e-08,2.6667e-12,1.5723e-22
-3.52,0.0013143,8.0699e-08,2.9645e-12,2.0347e-22
-3.51,0.0013292,8.806e-08,3.2946e-12,2.6312e-22
-3.5,0.0013441,9.6061e-08,3.6606e-12,3.4e-22
-3.49,0.0013591,1.0475e-07,4.0662e-12,4.3904e-22
-3.48,0.0013742,1.1419e-07,4.5156e-12,5.665e-22
-3.47,0.0013894,1.2444e-07,5.0133e-12,7.3044e-22
-3.46,0.0014047,1.3557e-07,5.5645e-12,9.4114e-22
-3.45,0.00142,1.4764e-07,6.1746e-12,1.2117e-21
-3.44,0.0014354,1.6073e-07,6.8498e-12,1.559e-21
-3.43,0.0014508,1.7492e-07,7.5969e-12,2.0043e-21
-3.42,0.0014664,1.903e-07,8.4233e-12,2.5749e-21
-3.41,0.001482,2.0696e-07,9.3372e-12,3.3055e-21
-3.4,0.0014976,2.2501e-07,1.0347e-11,4.2404e-21
-3.39,0.0015133,2.4455e-07,1.1464e-11,5.4357e-21
-3.38,0.0015291,2.657e-07,1.2698e-11,6.9628e-21
-3.37,0.0015449,2.8858e-07,1.4061e-11,8.9125e-21
-3.36,0.0015608,3.1332e-07,1.5566e-11,1.14e-20
-3.35,0.0015767,3.4007e-07,1.7228e-11,1.4571e-20
-3.34,0.0015927,3.6899e-07,1.9063e-11,1.861e-20
-3.33,0.0016088,4.0022e-07,2.1087e-11,2.3752e-20
-3.32,0.0016249,4.3396e-07,2.332e-11,3.0292e-20
-3.31,0.001641,4.7038e-07,2.5783e-11,3.8605e-20
-3.3,0.0016572,5.0969e-07,2.8498e-11,4.9163e-20
-3.29,0.0016734,5.5209e-07,3.1492e-11,6.2563e-20
-3.28,0.0016897,5.9783e-07,3.4791e-11,7.9557e-20
-3.27,0.001706,6.4714e-07,3.8425e-11,1.0109e-19
-3.26,0.0017224,7.0027e-07,4.2428e-11,1.2837e-19
-3.25,0.0017388,7.5752e-07,4.6836e-11,1.6288e-19
-3.24,0.0017552,8.1918e-07,5.1688e-11,2.0652e-19
-3.23,0.0017716,8.8555e-07,5.7029e-11,2.6166e-19
-3.22,0.0017881,9.5698e-07,6.2904e-11,3.3129e-19
-3.21,0.0018047,1.0338e-06,6.9367e-11,4.1913e-19
-3.2,0.0018212,1.1165e-06,7.6474e-11,5.2988e-19
-3.19,0.0018378,1.2053e-06,8.4288e-11,6.694e-19
-3.18,0.0018544,1.3008e-06,9.2875e-11,8.4505e-19
-3.17,0.001871,1.4034e-06,1.0231e-10,1.066e-18
-3.16,0.0018876,1.5135e-06,1.1268e-10,1.3437e-18
-3.15,0.0019043,1.6318e-06,1.2406e-10,1.6926e-18
-3.14,0.001921,1.7587e-06,1.3656e-10,2.1305e-18
-3.13,0.0019377,1.8948e-06,1.5027e-10,2.6798e-18
-3.12,0.0019544,2.0408e-06,1.6533e-10,3.3681e-18
-3.11,0.0019711,2.1973e-06,1.8184e-10,4.2302e-18
-3.1,0.0019878,2.3651e-06,1.9995e-10,5.3091e-18
-3.09,0.0020045,2.5447e-06,2.1981e-10,6.6583e-18
-3.08,0.0020212,2.7371e-06,2.4157e-10,8.3443e-18
-3.07,0.0020379,2.9431e-06,2.6542e-10,1.045e-17
-3.06,0.0020546,3.1635e-06,2.9155e-10,1.3076e-17
-3.05,0.0020713,3.3992e-06,3.2017e-10,1.6352e-17
-3.04,0.002088,3.6513e-06,3.5151e-10,2.0432e-17
-3.03,0.0021047,3.9208e-06,3.8582e-10,2.5513e-17
-3.02,0.0021214,4.2088e-06,4.2336e-10,3.1833e-17
-3.01,0.002138,4.5164e-06,4.6444e-10,3.9691e-17
-3,0.0021547,4.8448e-06,5.0937e-10,4.9452e-17
-2.99,0.0021713,5.1955e-06,5.585e-10,6.1568e-17
-2.98,0.0021879,5.5696e-06,6.122e-10,7.6596e-17
-2.97,0.0022045,5.9686e-06,6.709e-10,9.5224e-17
-2.96,0.002221,6.3941e-06,7.3504e-10,1.183e-16
-2.95,0.0022375,6.8476e-06,8.051e-10,1.4685e-16
-2.94,0.002254,7.3309e-06,8.8161e-10,1.8216e-16
-2.93,0.0022705,7.8456e-06,9.6514e-10,2.2581e-16
-2.92,0.0022869,8.3937e-06,1.0563e-09,2.797e-16
-2.91,0.0023033,8.977e-06,1.1558e-09,3.462e-16
-2.9,0.0023196,9.5976e-06,1.2643e-09,4.282e-16
-2.89,0.0023359,1.0258e-05,1.3826e-09,5.2924e-16
-2.88,0.0023521,1.096e-05,1.5117e-09,6.5364e-16
-2.87,0.0023683,1.1706e-05,1.6523e-09,8.0669e-16
-2.86,0.0023845,1.2498e-05,1.8056e-09,9.9485e-16
-2.85,0.0024006,1.334e-05,1.9725e-09,1.226e-15
-2.84,0.0024166,1.4233e-05,2.1544e-09,1.5098e-15
-2.83,0.0024325,1.5182e-05,2.3524e-09,1.8579e-15
-2.82,0.0024485,1.6188e-05,2.5679e-09,2.2845e-15
-2.81,0.0024643,1.7255e-05,2.8024e-09,2.8072e-15
-2.8,0.0024801,1.8386e-05,3.0576e-09,3.4468e-15
-2.79,0.0024958,1.9585e-05,3.3351e-09,4.2292e-15
-2.78,0.0025114,2.0855e-05,3.6369e-09,5.1853e-15
-2.77,0.0025269,2.22e-05,3.9649e-09,6.3529e-15
-2.76,0.0025424,2.3624e-05,4.3214e-09,7.7778e-15
-2.75,0.0025578,2.513e-05,4.7088e-09,9.5153e-15
-2.74,0.0025731,2.6724e-05,5.1295e-09,1.1632e-14
-2.73,0.0025883,2.841e-05,5.5863e-09,1.421e-14
-2.72,0.0026035,3.0191e-05,6.0823e-09,1.7347e-14
-2.71,0.0026185,3.2073e-05,6.6206e-09,2.116e-14
-2.7,0.0026334,3.4062e-05,7.2046e-09,2.5793e-14
-2.69,0.0026483,3.6161e-05,7.8382e-09,3.1417e-14
-2.68,0.002663,3.8378e-05,8.5252e-09,3.824e-14
-2.67,0.0026777,4.0716e-05,9.27e-09,4.651e-14
-2.66,0.0026922,4.3182e-05,1.0077e-08,5.6528e-14
-2.65,0.0027067,4.5782e-05,1.0952e-08,6.8653e-14
-2.64,0.002721,4.8523e-05,1.19e-08,8.3318e-14
-2.63,0.0027352,5.141e-05,1.2926e-08,1.0104e-13
-2.62,0.0027493,5.4451e-05,1.4037e-08,1.2245e-13
-2.61,0.0027633,5.7653e-05,1.524e-08,1.4828e-13
-2.6,0.0027771,6.1022e-05,1.6541e-08,1.7943e-13
-2.59,0.0027909,6.4567e-05,1.7949e-08,2.1697e-13
-2.58,0.0028045,6.8295e-05,1.9471e-08,2.6216e-13
-2.57,0.002818,7.2213e-05,2.1117e-08,3.1654e-13
-2.56,0.0028313,7.6331e-05,2.2897e-08,3.8192e-13
-2.55,0.0028446,8.0657e-05,2.482e-08,4.6047e-13
-2.54,0.0028577,8.5199e-05,2.6897e-08,5.5477e-13
-2.53,0.0028706,8.9967e-05,2.9141e-08,6.679e-13
-2.52,0.0028834,9.497e-05,3.1563e-08,8.0351e-13
-2.51,0.0028961,0.00010022,3.4178e-08,9.6594e-13
-2.5,0.0029086,0.00010572,3.7001e-08,1.1604e-12
-2.49,0.002921,0.00011149,4.0046e-08,1.3929e-12
-2.48,0.0029332,0.00011753,4.333e-08,1.6708e-12
-2.47,0.0029453,0.00012386,4.6871e-08,2.0027e-12
-2.46,0.0029573,0.00013048,5.0688e-08,2.3988e-12
-2.45,0.002969,0.00013741,5.4803e-08,2.8712e-12
-2.44,0.0029806,0.00014467,5.9235e-08,3.434e-12
-2.43,0.0029921,0.00015225,6.401e-08,4.1042e-12
-2.42,0.0030034,0.00016018,6.9152e-08,4.9016e-12
-2.41,0.0030145,0.00016847,7.4687e-08,5.8496e-12
-2.4,0.0030255,0.00017712,8.0644e-08,6.9759e-12
-2.39,0.0030363,0.00018616,8.7053e-08,8.313e-12
-2.38,0.0030469,0.00019559,9.3948e-08,9.8992e-12
-2.37,0.0030573,0.00020543,1.0136e-07,1.1779e-11
-2.36,0.0030676,0.00021569,1.0933e-07,1.4007e-11
-2.35,0.0030777,0.0002264,1.179e-07,1.6643e-11
-2.34,0.0030876,0.00023755,1.2711e-07,1.976e-11
-2.33,0.0030973,0.00024917,1.37e-07,2.3445e-11
-2.32,0.0031069,0.00026126,1.4761e-07,2.7797e-11
-2.31,0.0031163,0.00027386,1.5902e-07,3.2932e-11
-2.3,0.0031254,0.00028696,1.7125e-07,3.8987e-11
-2.29,0.0031344,0.0003006,1.8439e-07,4.6122e-11
-2.28,0.0031432,0.00031477,1.9847e-07,5.4523e-11
-2.27,0.0031518,0.0003295,2.1358e-07,6.4407e-11
-2.26,0.0031603,0.00034481,2.2978e-07,7.6028e-11
-2.25,0.0031685,0.0003607,2.4714e-07,8.968e-11
-2.24,0.0031765,0.0003772,2.6574e-07,1.0571e-10
-2.23,0.0031843,0.00039433,2.8567e-07,1.245e-10
-2.22,0.003192,0.00041209,3.0702e-07,1.4654e-10
-2.21,0.0031994,0.00043051,3.2987e-07,1.7235e-10
-2.2,0.0032066,0.0004496,3.5434e-07,2.0256e-10
-2.19,0.0032136,0.00046939,3.8052e-07,2.3788e-10
-2.18,0.0032204,0.00048987,4.0853e-07,2.7917e-10
-2.17,0.003227,0.00051109,4.3848e-07,3.2738e-10
-2.16,0.0032334,0.00053304,4.7051e-07,3.8364e-10
-2.15,0.0032396,0.00055574,5.0475e-07,4.4924e-10
-2.14,0.0032456,0.00057922,5.4133e-07,5.2566e-10
-2.13,0.0032513,0.00060349,5.8042e-07,6.1465e-10
-2.12,0.0032569,0.00062857,6.2217e-07,7.1817e-10
-2.11,0.0032622,0.00065447,6.6675e-07,8.3852e-10
-2.1,0.0032673,0.00068121,7.1434e-07,9.7832e-10
-2.09,0.0032722,0.0007088,7.6512e-07,1.1406e-09
-2.08,0.0032769,0.00073726,8.1931e-07,1.3288e-09
-2.07,0.0032814,0.00076661,8.771e-07,1.547e-09
-2.06,0.0032856,0.00079686,9.3872e-07,1.7996e-09
-2.05,0.0032896,0.00082803,1.0044e-06,2.092e-09
-2.04,0.0032934,0.00086013,1.0744e-06,2.4301e-09
-2.03,0.003297,0.00089317,1.149e-06,2.8208e-09
-2.02,0.0033004,0.00092717,1.2285e-06,3.272e-09
-2.01,0.0033035,0.00096214,1.3131e-06,3.7925e-09
-2,0.0033064,0.0009981,1.4031e-06,4.3926e-09
-1.99,0.0033091,0.0010351,1.499e-06,5.084e-09
-1.98,0.0033115,0.001073,1.601e-06,5.8799e-09
-1.97,0.0033137,0.001112,1.7094e-06,6.7954e-09
-1.96,0.0033158,0.001152,1.8248e-06,7.8478e-09
-1.95,0.0033175,0.0011931,1.9474e-06,9.0565e-09
-1.94,0.0033191,0.0012352,2.0778e-06,1.0444e-08
-1.93,0.0033204,0.0012783,2.2162e-06,1.2035e-08
-1.92,0.0033215,0.0013225,2.3633e-06,1.3858e-08
-1.91,0.0033224,0.0013678,2.5195e-06,1.5946e-08
-1.9,0.003323,0.0014142,2.6854e-06,1.8335e-08
-1.89,0.0033234,0.0014617,2.8614e-06,2.1066e-08
-1.88,0.0033236,0.0015102,3.0481e-06,2.4187e-08
-1.87,0.0033235,0.0015598,3.2462e-06,2.775e-08
-1.86,0.0033233,0.0016106,3.4562e-06,3.1814e-08
-1.85,0.0033227,0.0016624,3.6789e-06,3.6447e-08
-1.84,0.003322,0.0017153,3.9149e-06,4.1725e-08
-1.83,0.0033211,0.0017693,4.165e-06,4.7731e-08
-1.82,0.0033199,0.0018244,4.4299e-06,5.4563e-08
-1.81,0.0033184,0.0018805,4.7104e-06,6.2327e-08
-1.8,0.0033168,0.0019378,5.0074e-06,7.1143e-08
-1.79,0.0033149,0.0019961,5.3217e-06,8.1148e-08
-1.78,0.0033128,0.0020555,5.6543e-06,9.2492e-08
-1.77,0.0033105,0.0021159,6.0061e-06,1.0534e-07
-1.76,0.003308,0.0021774,6.3782e-06,1.199e-07
-1.75,0.0033052,0.0022399,6.7715e-06,1.3636e-07
-1.74,0.0033022,0.0023035,7.1872e-06,1.5497e-07
-1.73,0.003299,0.0023681,7.6264e-06,1.7599e-07
-1.72,0.0032955,0.0024336,8.0904e-06,1.9971e-07
-1.71,0.0032918,0.0025002,8.5804e-06,2.2647e-07
-1.7,0.0032879,0.0025676,9.0977e-06,2.5663e-07
-1.69,0.0032838,0.0026361,9.6437e-06,2.9059e-07
-1.68,0.0032795,0.0027054,1.022e-05,3.288e-07
-1.67,0.0032749,0.0027757,1.0827e-05,3.7177e-07
-1.66,0.0032702,0.0028468,1.1468e-05,4.2005e-07
-1.65,0.0032652,0.0029187,1.2144e-05,4.7424e-07
-1.64,0.00326,0.0029915,1.2856e-05,5.3505e-07
-1.63,0.0032545,0.003065,1.3606e-05,6.032e-07
-1.62,0.0032489,0.0031394,1.4397e-05,6.7955e-07
-1.61,0.0032431,0.0032144,1.5229e-05,7.6499e-07
-1.6,0.003237,0.0032901,1.6105e-05,8.6056e-07
-1.59,0.0032307,0.0033665,1.7027e-05,9.6735e-07
-1.58,0.0032242,0.0034435,1.7997e-05,1.0866e-06
-1.57,0.0032176,0.0035211,1.9018e-05,1.2197e-06
-1.56,0.0032107,0.0035992,2.0091e-05,1.368e-06
-1.55,0.0032036,0.0036778,2.122e-05,1.5333e-06
-1.54,0.0031963,0.0037569,2.2406e-05,1.7173e-06
-1.53,0.0031887,0.0038364,2.3652e-05,1.922e-06
-1.52,0.003181,0.0039163,2.496e-05,2.1495e-06
-1.51,0.0031731,0.0039965,2.6335e-05,2.4022e-06
-1.5,0.003165,0.004077,2.7778e-05,2.6827e-06
-1.49,0.0031567,0.0041577,2.9292e-05,2.9937e-06
-1.48,0.0031482,0.0042385,3.0881e-05,3.3383e-06
-1.47,0.0031395,0.0043195,3.2547e-05,3.7198e-06
-1.46,0.0031306,0.0044006,3.4295e-05,4.142e-06
-1.45,0.0031216,0.0044817,3.6127e-05,4.6087e-06
-1.44,0.0031123,0.0045627,3.8047e-05,5.1242e-06
-1.43,0.0031029,0.0046437,4.0058e-05,5.6932e-06
-1.42,0.0030932,0.0047245,4.2165e-05,6.3209e-06
-1.41,0.0030834,0.0048051,4.4372e-05,7.0126e-06
-1.4,0.0030734,0.0048855,4.6681e-05,7.7743e-06
-1.39,0.0030633,0.0049655,4.9098e-05,8.6124e-06
-1.38,0.0030529,0.0050451,5.1627e-05,9.534e-06
-1.37,0.0030424,0.0051243,5.4272e-05,1.0547e-05
-1.36,0.0030317,0.0052031,5.7037e-05,1.1658e-05
-1.35,0.0030208,0.0052812,5.9928e-05,1.2877e-05
-1.34,0.0030098,0.0053587,6.2949e-05,1.4214e-05
-1.33,0.0029986,0.0054356,6.6105e-05,1.5677e-05
-1.32,0.0029873,0.0055117,6.9401e-05,1.7279e-05
-1.31,0.0029757,0.0055869,7.2843e-05,1.903e-05
-1.3,0.002964,0.0056614,7.6435e-05,2.0944e-05
-1.29,0.0029522,0.0057348,8.0184e-05,2.3034e-05
-1.28,0.0029402,0.0058073,8.4095e-05,2.5313e-05
-1.27,0.0029281,0.0058788,8.8173e-05,2.7797e-05
-1.26,0.0029158,0.0059491,9.2426e-05,3.0504e-05
-1.25,0.0029033,0.0060183,9.6858e-05,3.3449e-05
-1.24,0.0028907,0.0060862,0.00010148,3.6652e-05
-1.23,0.002878,0.0061528,0.00010629,4.0132e-05
-1.22,0.0028651,0.006218,0.0001113,4.391e-05
-1.21,0.0028521,0.0062819,0.00011651,4.801e-05
-1.2,0.002839,0.0063443,0.00012194,5.2454e-05
-1.19,0.0028257,0.0064051,0.00012759,5.7267e-05
-1.18,0.0028123,0.0064644,0.00013347,6.2476e-05
-1.17,0.0027987,0.006522,0.00013958,6.811e-05
-1.16,0.0027851,0.006578,0.00014593,7.4197e-05
-1.15,0.0027713,0.0066321,0.00015253,8.0769e-05
-1.14,0.0027574,0.0066845,0.00015939,8.786e-05
-1.13,0.0027433,0.0067351,0.00016651,9.5503e-05
-1.12,0.0027292,0.0067838,0.00017391,0.00010374
-1.11,0.0027149,0.0068305,0.00018158,0.0001126
-1.1,0.0027005,0.0068752,0.00018955,0.00012212
-1.09,0.0026861,0.006918,0.00019782,0.00013236
-1.08,0.0026715,0.0069586,0.00020639,0.00014335
-1.07,0.0026568,0.0069972,0.00021528,0.00015514
-1.06,0.002642,0.0070336,0.00022449,0.00016778
-1.05,0.0026271,0.0070678,0.00023403,0.00018131
-1.04,0.0026121,0.0070998,0.00024392,0.00019579
-1.03,0.002597,0.0071296,0.00025416,0.00021128
-1.02,0.0025819,0.0071571,0.00026476,0.00022782
-1.01,0.0025666,0.0071822,0.00027573,0.00024548
-1,0.0025513,0.0072051,0.00028708,0.00026432
-0.99,0.0025358,0.0072256,0.00029882,0.00028439
-0.98,0.0025203,0.0072438,0.00031096,0.00030576
-0.97,0.0025048,0.0072595,0.00032351,0.00032851
-0.96,0.0024891,0.0072729,0.00033647,0.00035268
-0.95,0.0024734,0.0072838,0.00034987,0.00037836
-0.94,0.0024576,0.0072923,0.00036371,0.00040561
-0.93,0.0024417,0.0072984,0.00037799,0.00043451
-0.92,0.0024258,0.007302,0.00039273,0.00046512
-0.91,0.0024098,0.0073032,0.00040794,0.00049753
-0.9,0.0023937,0.0073019,0.00042363,0.00053182
-0.89,0.0023776,0.0072982,0.00043981,0.00056804
-0.88,0.0023615,0.0072921,0.00045649,0.0006063
-0.87,0.0023452,0.0072835,0.00047368,0.00064665
-0.86,0.002329,0.0072725,0.00049139,0.0006892
-0.85,0.0023127,0.007259,0.00050962,0.000734
-0.84,0.0022963,0.0072432,0.0005284,0.00078115
-0.83,0.0022799,0.007225,0.00054772,0.00083071
-0.82,0.0022635,0.0072044,0.00056761,0.00088278
-0.81,0.002247,0.0071815,0.00058806,0.00093743
-0.8,0.0022305,0.0071562,0.00060909,0.00099473
-0.79,0.002214,0.0071286,0.00063071,0.0010548
-0.78,0.0021974,0.0070988,0.00065293,0.0011176
-0.77,0.0021809,0.0070667,0.00067576,0.0011833
-0.76,0.0021642,0.0070324,0.0006992,0.001252
-0.75,0.0021476,0.0069959,0.00072326,0.0013237
-0.74,0.002131,0.0069573,0.00074796,0.0013985
-0.73,0.0021143,0.0069166,0.00077331,0.0014764
-0.72,0.0020976,0.0068738,0.0007993,0.0015576
-0.71,0.0020809,0.006829,0.00082595,0.001642
-0.7,0.0020642,0.0067822,0.00085327,0.0017297
-0.69,0.0020475,0.0067335,0.00088126,0.0018207
-0.68,0.0020308,0.0066829,0.00090994,0.0019152
-0.67,0.0020141,0.0066304,0.0009393,0.0020131
-0.66,0.0019974,0.0065762,0.00096936,0.0021144
-0.65,0.0019807,0.0065202,0.0010001,0.0022192
-0.64,0.001964,0.0064625,0.0010316,0.0023276
-0.63,0.0019473,0.0064032,0.0010638,0.0024394
-0.62,0.0019306,0.0063423,0.0010967,0.0025547
-0.61,0.0019139,0.0062798,0.0011303,0.0026736
-0.6,0.0018972,0.0062159,0.0011647,0.0027959
-0.59,0.0018806,0.0061506,0.0011997,0.0029217
-0.58,0.0018639,0.006084,0.0012356,0.0030509
-0.57,0.0018473,0.006016,0.0012721,0.0031836
-0.56,0.0018307,0.0059468,0.0013094,0.0033195
-0.55,0.0018142,0.0058765,0.0013475,0.0034588
-0.54,0.0017976,0.005805,0.0013863,0.0036012
-0.53,0.0017811,0.0057325,0.0014258,0.0037468
-0.52,0.0017647,0.0056589,0.0014661,0.0038955
-0.51,0.0017482,0.0055845,0.0015071,0.004047
-0.5,0.0017318,0.0055092,0.0015489,0.0042014
-0.49,0.0017154,0.0054331,0.0015914,0.0043585
-0.48,0.0016991,0.0053562,0.0016347,0.0045182
-0.47,0.0016828,0.0052787,0.0016787,0.0046804
-0.46,0.0016665,0.0052005,0.0017234,0.0048448
-0.45,0.0016503,0.0051218,0.0017689,0.0050113
-0.44,0.0016341,0.0050425,0.0018151,0.0051797
-0.43,0.001618,0.0049629,0.001862,0.00535
-0.42,0.0016019,0.0048828,0.0019096,0.0055217
-0.41,0.0015859,0.0048025,0.0019579,0.0056949
-0.4,0.0015699,0.0047219,0.002007,0.0058692
-0.39,0.001554,0.004641,0.0020567,0.0060444
-0.38,0.0015382,0.0045601,0.0021072,0.0062203
-0.37,0.0015224,0.004479,0.0021583,0.0063966
-0.36,0.0015066,0.0043979,0.00221,0.0065732
-0.35,0.0014909,0.0043169,0.0022624,0.0067497
-0.34,0.0014753,0.0042359,0.0023155,0.0069259
-0.33,0.0014598,0.004155,0.0023692,0.0071014
-0.32,0.0014443,0.0040743,0.0024235,0.0072762
-0.31,0.0014288,0.0039939,0.0024784,0.0074498
-0.3,0.0014135,0.0039137,0.0025339,0.007622
-0.29,0.0013982,0.0038338,0.0025899,0.0077924
-0.28,0.001383,0.0037543,0.0026465,0.0079609
-0.27,0.0013678,0.0036753,0.0027037,0.0081271
-0.26,0.0013527,0.0035967,0.0027613,0.0082906
-0.25,0.0013377,0.0035186,0.0028195,0.0084514
-0.24,0.0013228,0.003441,0.0028781,0.0086089
-0.23,0.001308,0.003364,0.0029372,0.008763
-0.22,0.0012932,0.0032876,0.0029967,0.0089133
-0.21,0.0012785,0.0032119,0.0030566,0.0090596
-0.2,0.0012639,0.0031369,0.0031169,0.0092016
-0.19,0.0012494,0.0030626,0.0031776,0.009339
-0.18,0.0012349,0.0029891,0.0032386,0.0094715
-0.17,0.0012205,0.0029164,0.0033,0.0095989
-0.16,0.0012063,0.0028444,0.0033616,0.009721
-0.15,0.0011921,0.0027733,0.0034235,0.0098374
-0.14,0.001178,0.0027031,0.0034856,0.0099479
-0.13,0.0011639,0.0026338,0.0035479,0.010052
-0.12,0.00115,0.0025654,0.0036104,0.01015
-0.11,0.0011361,0.002498,0.003673,0.010242
-0.1,0.0011224,0.0024315,0.0037358,0.010327
-0.09,0.0011087,0.0023659,0.0037986,0.010405
-0.08,0.0010951,0.0023014,0.0038615,0.010476
-0.07,0.0010817,0.0022379,0.0039244,0.01054
-0.06,0.0010683,0.0021754,0.0039873,0.010596
-0.05,0.001055,0.0021139,0.0040502,0.010645
-0.04,0.0010418,0.0020535,0.0041129,0.010686
-0.03,0.0010287,0.0019942,0.0041756,0.01072
-0.02,0.0010156,0.0019359,0.0042381,0.010746
-0.01,0.0010027,0.0018787,0.0043004,0.010764
0,0.0009899,0.0018225,0.0043626,0.010774
0.01,0.00097718,0.0017675,0.0044244,0.010777
0.02,0.00096455,0.0017135,0.004486,0.010771
0.03,0.00095202,0.0016607,0.0045472,0.010758
0.04,0.00093958,0.0016089,0.0046081,0.010737
0.05,0.00092725,0.0015582,0.0046686,0.010708
0.06,0.00091501,0.0015086,0.0047287,0.010671
0.07,0.00090288,0.0014601,0.0047882,0.010627
0.08,0.00089084,0.0014127,0.0048473,0.010575
0.09,0.00087891,0.0013663,0.0049058,0.010516
0.1,0.00086707,0.0013211,0.0049638,0.01045
0.11,0.00085533,0.0012769,0.0050211,0.010376
0.12,0.0008437,0.0012338,0.0050777,0.010296
0.13,0.00083217,0.0011917,0.0051337,0.010208
0.14,0.00082074,0.0011507,0.0051889,0.010114
0.15,0.0008094,0.0011107,0.0052434,0.010013
0.16,0.00079818,0.0010718,0.005297,0.0099067
0.17,0.00078705,0.0010338,0.0053498,0.0097939
0.18,0.00077602,0.00099691,0.0054018,0.0096754
0.19,0.0007651,0.00096099,0.0054528,0.0095513
0.2,0.00075428,0.00092604,0.0055029,0.0094219
0.21,0.00074356,0.00089208,0.0055519,0.0092875
0.22,0.00073294,0.00085906,0.0056,0.0091484
0.23,0.00072242,0.000827,0.005647,0.0090047
0.24,0.00071201,0.00079586,0.005693,0.0088568
0.25,0.0007017,0.00076564,0.0057378,0.0087051
0.26,0.00069149,0.00073632,0.0057814,0.0085496
0.27,0.00068138,0.00070789,0.0058239,0.0083908
0.28,0.00067137,0.00068032,0.0058652,0.008229
0.29,0.00066147,0.00065361,0.0059052,0.0080644
0.3,0.00065166,0.00062774,0.0059439,0.0078973
0.31,0.00064196,0.00060269,0.0059814,0.0077281
0.32,0.00063236,0.00057844,0.0060175,0.0075569
0.33,0.00062285,0.00055499,0.0060523,0.0073842
0.34,0.00061345,0.00053231,0.0060857,0.0072101
0.35,0.00060415,0.00051038,0.0061176,0.007035
0.36,0.00059495,0.00048919,0.0061482,0.0068592
0.37,0.00058585,0.00046873,0.0061773,0.0066829
0.38,0.00057685,0.00044897,0.0062049,0.0065063
0.39,0.00056795,0.0004299,0.006231,0.0063298
0.4,0.00055915,0.0004115,0.0062556,0.0061536
0.41,0.00055044,0.00039376,0.0062787,0.0059779
0.42,0.00054184,0.00037665,0.0063002,0.005803
0.43,0.00053333,0.00036017,0.0063201,0.0056292
0.44,0.00052492,0.0003443,0.0063385,0.0054565
0.45,0.00051661,0.00032901,0.0063553,0.0052853
0.46,0.00050839,0.0003143,0.0063704,0.0051157
0.47,0.00050027,0.00030014,0.0063839,0.004948
0.48,0.00049225,0.00028653,0.0063958,0.0047822
0.49,0.00048432,0.00027344,0.0064061,0.0046187
0.5,0.00047648,0.00026086,0.0064146,0.0044575
0.51,0.00046874,0.00024878,0.0064216,0.0042987
0.52,0.0004611,0.00023718,0.0064269,0.0041426
0.53,0.00045354,0.00022604,0.0064305,0.0039893
0.54,0.00044609,0.00021535,0.0064324,0.0038388
0.55,0.00043872,0.0002051,0.0064327,0.0036913
0.56,0.00043144,0.00019527,0.0064312,0.0035469
0.57,0.00042426,0.00018586,0.0064282,0.0034057
0.58,0.00041717,0.00017683,0.0064234,0.0032676
0.59,0.00041017,0.00016819,0.006417,0.0031329
0.6,0.00040326,0.00015992,0.0064089,0.0030016
0.61,0.00039643,0.000152,0.0063992,0.0028737
0.62,0.0003897,0.00014442,0.0063878,0.0027492
0.63,0.00038305,0.00013718,0.0063748,0.0026282
0.64,0.00037649,0.00013026,0.0063601,0.0025107
0.65,0.00037002,0.00012364,0.0063439,0.0023966
0.66,0.00036364,0.00011733,0.006326,0.0022861
0.67,0.00035734,0.00011129,0.0063066,0.0021791
0.68,0.00035112,0.00010554,0.0062856,0.0020756
0.69,0.00034499,0.00010004,0.006263,0.0019756
0.7,0.00033894,9.4803e-05,0.0062388,0.001879
0.71,0.00033298,8.9808e-05,0.0062132,0.0017858
0.72,0.0003271,8.5047e-05,0.006186,0.0016961
0.73,0.0003213,8.0512e-05,0.0061574,0.0016096
0.74,0.00031558,7.6193e-05,0.0061273,0.0015265
0.75,0.00030994,7.2082e-05,0.0060958,0.0014465
0.76,0.00030439,6.817e-05,0.0060628,0.0013698
0.77,0.00029891,6.4448e-05,0.0060285,0.0012962
0.78,0.00029351,6.091e-05,0.0059928,0.0012257
0.79,0.00028818,5.7546e-05,0.0059558,0.0011581
0.8,0.00028294,5.435e-05,0.0059174,0.0010935
0.81,0.00027777,5.1314e-05,0.0058778,0.0010317
0.82,0.00027268,4.8431e-05,0.0058369,0.00097271
0.83,0.00026766,4.5695e-05,0.0057948,0.00091643
0.84,0.00026271,4.3099e-05,0.0057515,0.00086276
0.85,0.00025784,4.0637e-05,0.0057071,0.00081165
0.86,0.00025304,3.8303e-05,0.0056615,0.00076301
0.87,0.00024832,3.6091e-05,0.0056148,0.00071676
0.88,0.00024366,3.3995e-05,0.005567,0.00067282
0.89,0.00023908,3.201e-05,0.0055183,0.00063112
0.9,0.00023457,3.0131e-05,0.0054685,0.00059157
0.91,0.00023012,2.8353e-05,0.0054178,0.00055409
0.92,0.00022575,2.6671e-05,0.0053661,0.00051861
0.93,0.00022144,2.508e-05,0.0053136,0.00048504
0.94,0.0002172,2.3576e-05,0.0052602,0.00045332
0.95,0.00021303,2.2155e-05,0.005206,0.00042337
0.96,0.00020892,2.0812e-05,0.005151,0.0003951
0.97,0.00020488,1.9545e-05,0.0050953,0.00036845
0.98,0.0002009,1.8348e-05,0.0050388,0.00034335
0.99,0.00019699,1.7219e-05,0.0049817,0.00031973
1,0.00019313,1.6154e-05,0.0049239,0.00029751
1.01,0.00018935,1.515e-05,0.0048656,0.00027664
1.02,0.00018562,1.4203e-05,0.0048067,0.00025704
1.03,0.00018195,1.3311e-05,0.0047473,0.00023866
1.04,0.00017834,1.2471e-05,0.0046874,0.00022143
1.05,0.0001748,1.168e-05,0.004627,0.00020529
1.06,0.00017131,1.0936e-05,0.0045663,0.00019019
1.07,0.00016788,1.0236e-05,0.0045051,0.00017608
1.08,0.00016451,9.5767e-06,0.0044436,0.00016289
1.09,0.00016119,8.9573e-06,0.0043819,0.00015058
1.1,0.00015793,8.3752e-06,0.0043198,0.0001391
1.11,0.00015473,7.8283e-06,0.0042576,0.0001284
1.12,0.00015158,7.3146e-06,0.0041951,0.00011843
1.13,0.00014848,6.8324e-06,0.0041325,0.00010916
1.14,0.00014544,6.3798e-06,0.0040697,0.00010055
1.15,0.00014245,5.9552e-06,0.0040069,9.2541e-05
1.16,0.00013951,5.5569e-06,0.003944,8.5111e-05
1.17,0.00013662,5.1836e-06,0.0038811,7.8221e-05
1.18,0.00013378,4.8338e-06,0.0038182,7.1836e-05
1.19,0.000131,4.506e-06,0.0037553,6.5924e-05
1.2,0.00012826,4.1991e-06,0.0036926,6.0455e-05
1.21,0.00012557,3.9117e-06,0.0036299,5.5399e-05
1.22,0.00012293,3.6428e-06,0.0035673,5.0729e-05
1.23,0.00012033,3.3913e-06,0.003505,4.6418e-05
1.24,0.00011779,3.156e-06,0.0034428,4.2443e-05
1.25,0.00011529,2.9361e-06,0.0033808,3.878e-05
1.26,0.00011283,2.7306e-06,0.0033191,3.5407e-05
1.27,0.00011042,2.5387e-06,0.0032577,3.2304e-05
1.28,0.00010805,2.3594e-06,0.0031966,2.9452e-05
1.29,0.00010573,2.1921e-06,0.0031358,2.6831e-05
1.3,0.00010345,2.0359e-06,0.0030754,2.4426e-05
1.31,0.00010121,1.8902e-06,0.0030153,2.2221e-05
1.32,9.9012e-05,1.7544e-06,0.0029557,2.0199e-05
1.33,9.6856e-05,1.6278e-06,0.0028965,1.8349e-05
1.34,9.4741e-05,1.5098e-06,0.0028377,1.6655e-05
1.35,9.2665e-05,1.3999e-06,0.0027794,1.5107e-05
1.36,9.0629e-05,1.2976e-06,0.0027216,1.3693e-05
1.37,8.8631e-05,1.2023e-06,0.0026643,1.2402e-05
1.38,8.6672e-05,1.1137e-06,0.0026075,1.1225e-05
1.39,8.4749e-05,1.0312e-06,0.0025513,1.0152e-05
1.4,8.2864e-05,9.5456e-07,0.0024956,9.1747e-06
1.41,8.1016e-05,8.833e-07,0.0024405,8.2856e-06
1.42,7.9203e-05,8.1709e-07,0.002386,7.4772e-06
1.43,7.7425e-05,7.5558e-07,0.0023322,6.7427e-06
1.44,7.5682e-05,6.9847e-07,0.0022789,6.0759e-06
1.45,7.3973e-05,6.4546e-07,0.0022263,5.4711e-06
1.46,7.2298e-05,5.9628e-07,0.0021743,4.9229e-06
1.47,7.0655e-05,5.5066e-07,0.002123,4.4264e-06
1.48,6.9046e-05,5.0835e-07,0.0020724,3.9771e-06
1.49,6.7468e-05,4.6914e-07,0.0020224,3.5707e-06
1.5,6.5922e-05,4.3281e-07,0.0019732,3.2036e-06
1.51,6.4407e-05,3.9916e-07,0.0019246,2.8721e-06
1.52,6.2922e-05,3.68e-07,0.0018767,2.573e-06
1.53,6.1468e-05,3.3916e-07,0.0018296,2.3034e-06
1.54,6.0043e-05,3.1248e-07,0.0017832,2.0605e-06
1.55,5.8647e-05,2.878e-07,0.0017375,1.8419e-06
1.56,5.7279e-05,2.6498e-07,0.0016925,1.6453e-06
1.57,5.5939e-05,2.4389e-07,0.0016483,1.4686e-06
1.58,5.4627e-05,2.244e-07,0.0016048,1.3099e-06
1.59,5.3343e-05,2.064e-07,0.0015621,1.1676e-06
1.6,5.2084e-05,1.8978e-07,0.00152,1.0399e-06
1.61,5.0852e-05,1.7444e-07,0.0014788,9.2551e-07
1.62,4.9646e-05,1.6028e-07,0.0014383,8.2311e-07
1.63,4.8465e-05,1.4723e-07,0.0013985,7.315e-07
1.64,4.7309e-05,1.3519e-07,0.0013595,6.4962e-07
1.65,4.6177e-05,1.2409e-07,0.0013212,5.7648e-07
1.66,4.5069e-05,1.1387e-07,0.0012837,5.112e-07
1.67,4.3985e-05,1.0446e-07,0.0012469,4.5298e-07
1.68,4.2924e-05,9.5789e-08,0.0012108,4.011e-07
1.69,4.1886e-05,8.781e-08,0.0011755,3.549e-07
1.7,4.0869e-05,8.0469e-08,0.0011409,3.138e-07
1.71,3.9875e-05,7.3717e-08,0.0011071,2.7725e-07
1.72,3.8903e-05,6.7508e-08,0.001074,2.4478e-07
1.73,3.7951e-05,6.1802e-08,0.0010415,2.1596e-07
1.74,3.702e-05,5.656e-08,0.0010099,1.9039e-07
1.75,3.611e-05,5.1744e-08,0.00097888,1.6772e-07
1.76,3.5219e-05,4.7323e-08,0.0009486,1.4765e-07
1.77,3.4348e-05,4.3265e-08,0.00091902,1.2988e-07
1.78,3.3497e-05,3.9542e-08,0.00089013,1.1417e-07
1.79,3.2664e-05,3.6127e-08,0.00086192,1.0029e-07
1.8,3.185e-05,3.2996e-08,0.0008344,8.8028e-08
1.81,3.1054e-05,3.0126e-08,0.00080754,7.721e-08
1.82,3.0275e-05,2.7497e-08,0.00078134,6.7672e-08
1.83,2.9514e-05,2.5088e-08,0.00075579,5.9269e-08
1.84,2.8771e-05,2.2883e-08,0.0007309,5.1872e-08
1.85,2.8044e-05,2.0865e-08,0.00070663,4.5365e-08
1.86,2.7333e-05,1.9018e-08,0.000683,3.9645e-08
1.87,2.6639e-05,1.7329e-08,0.00065998,3.4621e-08
1.88,2.5961e-05,1.5785e-08,0.00063758,3.0212e-08
1.89,2.5298e-05,1.4374e-08,0.00061577,2.6345e-08
1.9,2.465e-05,1.3084e-08,0.00059455,2.2956e-08
1.91,2.4018e-05,1.1906e-08,0.00057392,1.9989e-08
1.92,2.34e-05,1.083e-08,0.00055386,1.7392e-08
1.93,2.2796e-05,9.8488e-09,0.00053436,1.5122e-08
1.94,2.2206e-05,8.9531e-09,0.00051542,1.3138e-08
1.95,2.163e-05,8.1361e-09,0.00049701,1.1406e-08
1.96,2.1068e-05,7.3912e-09,0.00047914,9.8958e-09
1.97,2.0519e-05,6.7123e-09,0.00046179,8.579e-09
1.98,1.9983e-05,6.0937e-09,0.00044496,7.4319e-09
1.99,1.9459e-05,5.5302e-09,0.00042862,6.4336e-09
2,1.8948e-05,5.0172e-09,0.00041278,5.5652e-09
2.01,1.8449e-05,4.5502e-09,0.00039742,4.8106e-09
2.02,1.7962e-05,4.1253e-09,0.00038253,4.1553e-09
2.03,1.7486e-05,3.7389e-09,0.00036811,3.5866e-09
2.04,1.7022e-05,3.3875e-09,0.00035414,3.0935e-09
2.05,1.6569e-05,3.0681e-09,0.0003406,2.6662e-09
2.06,1.6127e-05,2.7778e-09,0.0003275,2.2963e-09
2.07,1.5696e-05,2.5142e-09,0.00031483,1.9762e-09
2.08,1.5276e-05,2.2749e-09,0.00030256,1.6996e-09
2.09,1.4865e-05,2.0576e-09,0.0002907,1.4605e-09
2.1,1.4465e-05,1.8605e-09,0.00027923,1.2542e-09
2.11,1.4074e-05,1.6817e-09,0.00026814,1.0763e-09
2.12,1.3693e-05,1.5196e-09,0.00025742,9.229e-10
2.13,1.3321e-05,1.3726e-09,0.00024707,7.908e-10
2.14,1.2959e-05,1.2394e-09,0.00023708,6.7712e-10
2.15,1.2606e-05,1.1188e-09,0.00022743,5.7935e-10
2.16,1.2261e-05,1.0096e-09,0.00021811,4.9534e-10
2.17,1.1925e-05,9.1073e-10,0.00020912,4.232e-10
2.18,1.1597e-05,8.2127e-10,0.00020045,3.6131e-10
2.19,1.1278e-05,7.4035e-10,0.00019209,3.0824e-10
2.2,1.0967e-05,6.6718e-10,0.00018404,2.6277e-10
2.21,1.0663e-05,6.0104e-10,0.00017627,2.2385e-10
2.22,1.0367e-05,5.4128e-10,0.00016879,1.9056e-10
2.23,1.0079e-05,4.8729e-10,0.00016158,1.6209e-10
2.24,9.7981e-06,4.3855e-10,0.00015464,1.3778e-10
2.25,9.5243e-06,3.9454e-10,0.00014796,1.1703e-10
2.26,9.2575e-06,3.5484e-10,0.00014153,9.9333e-11
2.27,8.9976e-06,3.1902e-10,0.00013535,8.425e-11
2.28,8.7444e-06,2.8672e-10,0.0001294,7.1405e-11
2.29,8.4978e-06,2.576e-10,0.00012368,6.0474e-11
2.3,8.2575e-06,2.3137e-10,0.00011818,5.1179e-11
2.31,8.0235e-06,2.0774e-10,0.0001129,4.3282e-11
2.32,7.7955e-06,1.8645e-10,0.00010783,3.6576e-11
2.33,7.5736e-06,1.673e-10,0.00010296,3.0887e-11
2.34,7.3574e-06,1.5006e-10,9.8278e-05,2.6063e-11
2.35,7.1469e-06,1.3455e-10,9.3788e-05,2.1977e-11
2.36,6.942e-06,1.206e-10,8.948e-05,1.8518e-11
2.37,6.7424e-06,1.0807e-10,8.5348e-05,1.5592e-11
2.38,6.5482e-06,9.68e-11,8.1386e-05,1.3119e-11
2.39,6.3591e-06,8.6679e-11,7.7587e-05,1.103e-11
2.4,6.175e-06,7.7591e-11,7.3946e-05,9.2665e-12
2.41,5.9959e-06,6.9432e-11,7.0458e-05,7.7796e-12
2.42,5.8216e-06,6.2111e-11,6.7117e-05,6.5265e-12
2.43,5.6519e-06,5.5542e-11,6.3918e-05,5.4712e-12
2.44,5.4868e-06,4.9652e-11,6.0855e-05,4.5832e-12
2.45,5.3262e-06,4.4372e-11,5.7925e-05,3.8366e-12
2.46,5.1699e-06,3.964e-11,5.5121e-05,3.2092e-12
2.47,5.0179e-06,3.54e-11,5.2439e-05,2.6825e-12
2.48,4.8699e-06,3.1604e-11,4.9874e-05,2.2406e-12
2.49,4.7261e-06,2.8205e-11,4.7423e-05,1.8701e-12
2.5,4.5861e-06,2.5163e-11,4.508e-05,1.5597e-12
2.51,4.45e-06,2.2442e-11,4.2842e-05,1.2999e-12
2.52,4.3177e-06,2.0008e-11,4.0705e-05,1.0826e-12
2.53,4.189e-06,1.7832e-11,3.8664e-05,9.0096e-13
2.54,4.0638e-06,1.5888e-11,3.6716e-05,7.4924e-13
2.55,3.9421e-06,1.4151e-11,3.4857e-05,6.2262e-13
2.56,3.8238e-06,1.2599e-11,3.3083e-05,5.1702e-13
2.57,3.7088e-06,1.1214e-11,3.1392e-05,4.2902e-13
2.58,3.597e-06,9.978e-12,2.9779e-05,3.5574e-13
2.59,3.4883e-06,8.8751e-12,2.8242e-05,2.9476e-13
2.6,3.3827e-06,7.8915e-12,2.6777e-05,2.4405e-13
2.61,3.2801e-06,7.0145e-12,2.5382e-05,2.0192e-13
2.62,3.1803e-06,6.2329e-12,2.4053e-05,1.6694e-13
2.63,3.0834e-06,5.5366e-12,2.2787e-05,1.3792e-13
2.64,2.9892e-06,4.9164e-12,2.1583e-05,1.1386e-13
2.65,2.8977e-06,4.3642e-12,2.0437e-05,9.3933e-14
2.66,2.8088e-06,3.8727e-12,1.9347e-05,7.7435e-14
2.67,2.7225e-06,3.4354e-12,1.831e-05,6.3787e-14
2.68,2.6386e-06,3.0465e-12,1.7324e-05,5.2507e-14
2.69,2.5571e-06,2.7007e-12,1.6387e-05,4.319e-14
2.7,2.478e-06,2.3933e-12,1.5497e-05,3.55e-14
2.71,2.4012e-06,2.1203e-12,1.4651e-05,2.9158e-14
2.72,2.3265e-06,1.8777e-12,1.3848e-05,2.3932e-14
2.73,2.2541e-06,1.6623e-12,1.3086e-05,1.9628e-14
2.74,2.1837e-06,1.4712e-12,1.2362e-05,1.6086e-14
2.75,2.1154e-06,1.3016e-12,1.1675e-05,1.3174e-14
2.76,2.0491e-06,1.1511e-12,1.1024e-05,1.0781e-14
2.77,1.9848e-06,1.0177e-12,1.0406e-05,8.8165e-15
2.78,1.9223e-06,8.995e-13,9.82e-06,7.2046e-15
2.79,1.8617e-06,7.9473e-13,9.2648e-06,5.8831e-15
2.8,1.8028e-06,7.0193e-13,8.7387e-06,4.8005e-15
2.81,1.7457e-06,6.1976e-13,8.2403e-06,3.9142e-15
2.82,1.6903e-06,5.4702e-13,7.7684e-06,3.1893e-15
2.83,1.6365e-06,4.8266e-13,7.3216e-06,2.5967e-15
2.84,1.5844e-06,4.2573e-13,6.8986e-06,2.1127e-15
2.85,1.5338e-06,3.7539e-13,6.4984e-06,1.7176e-15
2.86,1.4847e-06,3.3089e-13,6.1199e-06,1.3954e-15
2.87,1.437e-06,2.9157e-13,5.7619e-06,1.1328e-15
2.88,1.3908e-06,2.5683e-13,5.4234e-06,9.1899e-16
2.89,1.3461e-06,2.2616e-13,5.1035e-06,7.4497e-16
2.9,1.3026e-06,1.9908e-13,4.8012e-06,6.0346e-16
2.91,1.2605e-06,1.7519e-13,4.5156e-06,4.8848e-16
2.92,1.2196e-06,1.5411e-13,4.246e-06,3.9511e-16
2.93,1.18e-06,1.3552e-13,3.9913e-06,3.1936e-16
2.94,1.1416e-06,1.1914e-13,3.751e-06,2.5794e-16
2.95,1.1044e-06,1.047e-13,3.5243e-06,2.0818e-16
2.96,1.0683e-06,9.1978e-14,3.3103e-06,1.679e-16
2.97,1.0333e-06,8.0776e-14,3.1086e-06,1.3532e-16
2.98,9.9944e-07,7.0915e-14,2.9184e-06,1.0897e-16
2.99,9.6658e-07,6.2236e-14,2.7391e-06,8.7696e-17
3,9.3474e-07,5.4602e-14,2.5702e-06,7.0522e-17
3.01,9.0389e-07,4.7888e-14,2.411e-06,5.6669e-17
3.02,8.7399e-07,4.1985e-14,2.2611e-06,4.5504e-17
3.03,8.4503e-07,3.6798e-14,2.12e-06,3.6513e-17
3.04,8.1697e-07,3.2241e-14,1.9872e-06,2.9276e-17
3.05,7.8979e-07,2.8238e-14,1.8622e-06,2.3457e-17
3.06,7.6346e-07,2.4725e-14,1.7447e-06,1.8781e-17
3.07,7.3795e-07,2.1641e-14,1.6341e-06,1.5026e-17
3.08,7.1325e-07,1.8935e-14,1.5301e-06,1.2013e-17
3.09,6.8933e-07,1.6563e-14,1.4324e-06,9.5969e-18
3.1,6.6617e-07,1.4482e-14,1.3405e-06,7.6613e-18
3.11,6.4374e-07,1.2659e-14,1.2543e-06,6.1116e-18
3.12,6.2202e-07,1.1061e-14,1.1732e-06,4.8719e-18
3.13,6.0099e-07,9.6624e-15,1.0972e-06,3.8808e-18
3.14,5.8064e-07,8.4374e-15,1.0258e-06,3.089e-18
3.15,5.6093e-07,7.3653e-15,9.5875e-07,2.457e-18
3.16,5.4186e-07,6.4272e-15,8.9589e-07,1.9529e-18
3.17,5.234e-07,5.6068e-15,8.3693e-07,1.5511e-18
3.18,5.0553e-07,4.8894e-15,7.8164e-07,1.231e-18
3.19,4.8824e-07,4.2624e-15,7.2982e-07,9.7632e-19
3.2,4.7151e-07,3.7145e-15,6.8126e-07,7.7374e-19
3.21,4.5532e-07,3.236e-15,6.3576e-07,6.1274e-19
3.22,4.3966e-07,2.8182e-15,5.9314e-07,4.849e-19
3.23,4.245e-07,2.4535e-15,5.5324e-07,3.8344e-19
3.24,4.0984e-07,2.1353e-15,5.1589e-07,3.0299e-19
3.25,3.9566e-07,1.8577e-15,4.8094e-07,2.3925e-19
3.26,3.8194e-07,1.6157e-15,4.4824e-07,1.8878e-19
3.27,3.6868e-07,1.4047e-15,4.1765e-07,1.4885e-19
3.28,3.5585e-07,1.2209e-15,3.8905e-07,1.1728e-19
3.29,3.4344e-07,1.0608e-15,3.6231e-07,9.2333e-20
3.3,3.3144e-07,9.2135e-16,3.3732e-07,7.2643e-20
3.31,3.1984e-07,7.9997e-16,3.1398e-07,5.7109e-20
3.32,3.0863e-07,6.9435e-16,2.9217e-07,4.4865e-20
3.33,2.9779e-07,6.0248e-16,2.7181e-07,3.522e-20
3.34,2.873e-07,5.2258e-16,2.528e-07,2.7628e-20
3.35,2.7717e-07,4.5313e-16,2.3506e-07,2.1657e-20
3.36,2.6738e-07,3.9278e-16,2.1851e-07,1.6964e-20
3.37,2.5792e-07,3.4035e-16,2.0307e-07,1.3279e-20
3.38,2.4877e-07,2.9482e-16,1.8867e-07,1.0386e-20
3.39,2.3993e-07,2.553e-16,1.7525e-07,8.1177e-21
3.4,2.3139e-07,2.21e-16,1.6274e-07,6.3401e-21
3.41,2.2314e-07,1.9124e-16,1.5108e-07,4.9482e-21
3.42,2.1517e-07,1.6544e-16,1.4023e-07,3.859e-21
3.43,2.0746e-07,1.4307e-16,1.3011e-07,3.0074e-21
3.44,2.0002e-07,1.2368e-16,1.207e-07,2.342e-21
3.45,1.9284e-07,1.0688e-16,1.1194e-07,1.8225e-21
3.46,1.859e-07,9.2338e-17,1.0379e-07,1.4172e-21
3.47,1.7919e-07,7.9745e-17,9.6202e-08,1.1012e-21
3.48,1.7272e-07,6.8846e-17,8.9149e-08,8.5508e-22
3.49,1.6647e-07,5.9417e-17,8.2592e-08,6.6347e-22
3.5,1.6043e-07,5.1262e-17,7.6497e-08,5.1442e-22
3.51,1.5461e-07,4.4212e-17,7.0834e-08,3.9856e-22
3.52,1.4898e-07,3.8118e-17,6.5572e-08,3.0857e-22
3.53,1.4355e-07,3.2853e-17,6.0686e-08,2.3873e-22
3.54,1.3831e-07,2.8306e-17,5.6149e-08,1.8456e-22
3.55,1.3324e-07,2.4381e-17,5.1938e-08,1.4257e-22
3.56,1.2836e-07,2.0992e-17,4.803e-08,1.1006e-22
3.57,1.2365e-07,1.8069e-17,4.4405e-08,8.49e-23
3.58,1.191e-07,1.5547e-17,4.1043e-08,6.5444e-23
3.59,1.1471e-07,1.3373e-17,3.7925e-08,5.0409e-23
3.6,1.1047e-07,1.1499e-17,3.5035e-08,3.8801e-23
3.61,1.0639e-07,9.8841e-18,3.2357e-08,2.9843e-23
3.62,1.0245e-07,8.4933e-18,2.9876e-08,2.2937e-23
3.63,9.8643e-08,7.2957e-18,2.7578e-08,1.7616e-23
3.64,9.4975e-08,6.2649e-18,2.545e-08,1.352e-23
3.65,9.1437e-08,5.378e-18,2.348e-08,1.0368e-23
3.66,8.8025e-08,4.6151e-18,2.1657e-08,7.9459e-24
3.67,8.4734e-08,3.959e-18,1.9971e-08,6.0848e-24
3.68,8.156e-08,3.3951e-18,1.8411e-08,4.6563e-24
3.69,7.8501e-08,2.9106e-18,1.6968e-08,3.5605e-24
3.7,7.555e-08,2.4943e-18,1.5634e-08,2.7206e-24
3.71,7.2706e-08,2.1369e-18,1.4402e-08,2.0774e-24
3.72,6.9964e-08,1.8301e-18,1.3263e-08,1.585e-24
3.73,6.7321e-08,1.5668e-18,1.2211e-08,1.2085e-24
3.74,6.4773e-08,1.3409e-18,1.1239e-08,9.2073e-25
3.75,6.2317e-08,1.1472e-18,1.0343e-08,7.0097e-25
3.76,5.995e-08,9.8117e-19,9.5148e-09,5.3328e-25
3.77,5.7669e-08,8.3888e-19,8.751e-09,4.0541e-25
3.78,5.5471e-08,7.1699e-19,8.0464e-09,3.0798e-25
3.79,5.3354e-08,6.126e-19,7.3967e-09,2.3379e-25
3.8,5.1313e-08,5.2324e-19,6.7976e-09,1.7734e-25
3.81,4.9347e-08,4.4676e-19,6.2454e-09,1.3443e-25
3.82,4.7454e-08,3.8133e-19,5.7366e-09,1.0182e-25
3.83,4.5629e-08,3.2537e-19,5.2679e-09,7.7068e-26
3.84,4.3872e-08,2.7754e-19,4.8362e-09,5.829e-26
3.85,4.218e-08,2.3665e-19,4.4387e-09,4.4055e-26
3.86,4.055e-08,2.0172e-19,4.0729e-09,3.3272e-26
3.87,3.898e-08,1.7189e-19,3.7362e-09,2.511e-26
3.88,3.7469e-08,1.4642e-19,3.4265e-09,1.8937e-26
3.89,3.6014e-08,1.2469e-19,3.1416e-09,1.4271e-26
3.9,3.4613e-08,1.0614e-19,2.8797e-09,1.0746e-26
3.91,3.3264e-08,9.0325e-20,2.6389e-09,8.0866e-27
3.92,3.1965e-08,7.6839e-20,2.4176e-09,6.0806e-27
3.93,3.0715e-08,6.5344e-20,2.2143e-09,4.569e-27
3.94,2.9512e-08,5.5551e-20,2.0276e-09,3.4306e-27
3.95,2.8354e-08,4.7209e-20,1.8561e-09,2.574e-27
3.96,2.724e-08,4.0107e-20,1.6987e-09,1.9298e-27
3.97,2.6168e-08,3.4061e-20,1.5542e-09,1.4458e-27
3.98,2.5136e-08,2.8918e-20,1.4217e-09,1.0824e-27
3.99,2.4143e-08,2.4542e-20,1.3001e-09,8.0979e-28
4,2.3188e-08,2.0822e-20,1.1886e-09,6.0537e-28
4.01,2.2269e-08,1.766e-20,1.0864e-09,4.5222e-28
4.02,2.1385e-08,1.4973e-20,9.9271e-10,3.3757e-28
4.03,2.0534e-08,1.2691e-20,9.0687e-10,2.5181e-28
4.04,1.9716e-08,1.0752e-20,8.2823e-10,1.8769e-28
4.05,1.893e-08,9.1073e-21,7.5622e-10,1.398e-28
4.06,1.8173e-08,7.7112e-21,6.9029e-10,1.0406e-28
4.07,1.7446e-08,6.527e-21,6.2995e-10,7.7392e-29
4.08,1.6746e-08,5.5228e-21,5.7473e-10,5.7519e-29
4.09,1.6074e-08,4.6715e-21,5.2421e-10,4.2718e-29
4.1,1.5427e-08,3.9501e-21,4.7801e-10,3.1702e-29
4.11,1.4806e-08,3.339e-21,4.3577e-10,2.351e-29
4.12,1.4208e-08,2.8215e-21,3.9716e-10,1.7422e-29
4.13,1.3634e-08,2.3834e-21,3.6188e-10,1.2901e-29
4.14,1.3082e-08,2.0126e-21,3.2964e-10,9.5464e-30
4.15,1.2551e-08,1.699e-21,3.002e-10,7.0589e-30
4.16,1.2041e-08,1.4338e-21,2.7331e-10,5.2157e-30
4.17,1.1552e-08,1.2095e-21,2.4877e-10,3.851e-30
4.18,1.1081e-08,1.02e-21,2.2638e-10,2.8413e-30
4.19,1.0628e-08,8.5989e-22,2.0594e-10,2.0948e-30
4.2,1.0194e-08,7.2467e-22,1.8731e-10,1.5433e-30
4.21,9.7765e-09,6.1051e-22,1.7031e-10,1.1362e-30
4.22,9.3755e-09,5.1416e-22,1.5482e-10,8.3586e-31
4.23,8.9903e-09,4.3287e-22,1.407e-10,6.1446e-31
4.24,8.6204e-09,3.6431e-22,1.2783e-10,4.5138e-31
4.25,8.2651e-09,3.0651e-22,1.1611e-10,3.3133e-31
4.26,7.9239e-09,2.5779e-22,1.0544e-10,2.4304e-31
4.27,7.5963e-09,2.1675e-22,9.5722e-11,1.7814e-31
4.28,7.2817e-09,1.8217e-22,8.6878e-11,1.3048e-31
4.29,6.9796e-09,1.5306e-22,7.8831e-11,9.55e-32
4.3,6.6897e-09,1.2856e-22,7.1511e-11,6.9847e-32
4.31,6.4113e-09,1.0795e-22,6.4853e-11,5.1047e-32
4.32,6.1441e-09,9.0607e-23,5.8801e-11,3.728e-32
4.33,5.8876e-09,7.6027e-23,5.3299e-11,2.7206e-32
4.34,5.6415e-09,6.3772e-23,4.8299e-11,1.984e-32
4.35,5.4053e-09,5.3474e-23,4.3757e-11,1.4458e-32
4.36,5.1786e-09,4.4824e-23,3.9632e-11,1.0528e-32
4.37,4.961e-09,3.7561e-23,3.5886e-11,7.6607e-33
4.38,4.7523e-09,3.1464e-23,3.2486e-11,5.5703e-33
4.39,4.5521e-09,2.6348e-23,2.9401e-11,4.0473e-33
4.4,4.36e-09,2.2056e-23,2.6601e-11,2.9386e-33
4.41,4.1757e-09,1.8458e-23,2.4062e-11,2.132e-33
4.42,3.9989e-09,1.5441e-23,2.176e-11,1.5457e-33
4.43,3.8293e-09,1.2913e-23,1.9672e-11,1.1198e-33
4.44,3.6667e-09,1.0795e-23,1.7781e-11,8.1071e-34
4.45,3.5108e-09,9.0217e-24,1.6067e-11,5.8648e-34
4.46,3.3612e-09,7.537e-24,1.4514e-11,4.2396e-34
4.47,3.2178e-09,6.2946e-24,1.3108e-11,3.0625e-34
4.48,3.0803e-09,5.2552e-24,1.1836e-11,2.2106e-34
4.49,2.9485e-09,4.386e-24,1.0684e-11,1.5945e-34
4.5,2.8221e-09,3.6593e-24,9.6413e-12,1.1493e-34
4.51,2.701e-09,3.052e-24,8.6984e-12,8.2781e-35
4.52,2.5849e-09,2.5446e-24,7.8457e-12,5.958e-35
4.53,2.4736e-09,2.1209e-24,7.0747e-12,4.285e-35
4.54,2.3669e-09,1.7671e-24,6.3778e-12,3.0796e-35
4.55,2.2647e-09,1.4719e-24,5.7481e-12,2.2116e-35
4.56,2.1667e-09,1.2256e-24,5.1792e-12,1.5871e-35
4.57,2.0728e-09,1.0201e-24,4.6654e-12,1.1381e-35
4.58,1.9829e-09,8.4882e-25,4.2014e-12,8.1558e-36
4.59,1.8967e-09,7.0605e-25,3.7827e-12,5.84e-36
4.6,1.8142e-09,5.871e-25,3.4047e-12,4.1788e-36
4.61,1.7351e-09,4.8803e-25,3.0638e-12,2.9879e-36
4.62,1.6594e-09,4.0553e-25,2.7562e-12,2.1349e-36
4.63,1.5868e-09,3.3687e-25,2.4789e-12,1.5242e-36
4.64,1.5174e-09,2.7974e-25,2.2289e-12,1.0875e-36
4.65,1.4508e-09,2.3223e-25,2.0036e-12,7.753e-37
4.66,1.3871e-09,1.9271e-25,1.8007e-12,5.5234e-37
4.67,1.3261e-09,1.5987e-25,1.6178e-12,3.9321e-37
4.68,1.2677e-09,1.3258e-25,1.4531e-12,2.7972e-37
4.69,1.2118e-09,1.0991e-25,1.3049e-12,1.9884e-37
4.7,1.1583e-09,9.109e-26,1.1715e-12,1.4124e-37
4.71,1.107e-09,7.5465e-26,1.0514e-12,1.0026e-37
4.72,1.058e-09,6.2499e-26,9.4344e-13,7.1113e-38
4.73,1.011e-09,5.1744e-26,8.4631e-13,5.0404e-38
4.74,9.6609e-10,4.2825e-26,7.5899e-13,3.57e-38
4.75,9.2309e-10,3.5432e-26,6.805e-13,2.5266e-38
4.76,8.8195e-10,2.9305e-26,6.0997e-13,1.7869e-38
4.77,8.4258e-10,2.4229e-26,5.4661e-13,1.2629e-38
4.78,8.0492e-10,2.0026e-26,4.897e-13,8.9184e-39
4.79,7.6888e-10,1.6547e-26,4.386e-13,6.2936e-39
4.8,7.3441e-10,1.3667e-26,3.9273e-13,4.4381e-39
4.81,7.0144e-10,1.1285e-26,3.5157e-13,3.1274e-39
4.82,6.699e-10,9.3146e-27,3.1464e-13,2.2021e-39
4.83,6.3973e-10,7.6859e-27,2.8152e-13,1.5495e-39
4.84,6.1088e-10,6.3398e-27,2.5181e-13,1.0895e-39
4.85,5.8329e-10,5.2278e-27,2.2519e-13,7.6547e-40
4.86,5.5691e-10,4.3093e-27,2.0132e-13,5.3743e-40
4.87,5.3169e-10,3.551e-27,1.7994e-13,3.7705e-40
4.88,5.0757e-10,2.9252e-27,1.6079e-13,2.6434e-40
4.89,4.8452e-10,2.4089e-27,1.4364e-13,1.8518e-40
4.9,4.6248e-10,1.983e-27,1.2828e-13,1.2964e-40
4.91,4.4141e-10,1.6319e-27,1.1454e-13,9.0687e-41
4.92,4.2127e-10,1.3425e-27,1.0224e-13,6.3392e-41
4.93,4.0202e-10,1.104e-27,9.124e-14,4.4281e-41
4.94,3.8363e-10,9.0762e-28,8.1402e-14,3.0908e-41
4.95,3.6605e-10,7.4591e-28,7.2605e-14,2.1558e-41
4.96,3.4926e-10,6.1281e-28,6.4743e-14,1.5026e-41
4.97,3.3321e-10,5.0329e-28,5.7716e-14,1.0465e-41
4.98,3.1788e-10,4.132e-28,5.1439e-14,7.2836e-42
4.99,3.0323e-10,3.3913e-28,4.5833e-14,5.0655e-42
5,2.8924e-10,2.7824e-28,4.0827e-14,3.5203e-42
